"","Date","Bus_ridership","School","Day_of_week","PRCP","SNOW","TMAX","TMIN","TAVG","Month","Year"
"1",2021-09-01,1086148,0,"Wednesday",2.56,0,78,64,74,"9",2021
"2",2021-09-02,1188941,0,"Thursday",0.21,0,78,61,70,"9",2021
"3",2021-09-03,1221668,0,"Friday",0,0,77,58,67,"9",2021
"4",2021-09-04,834456,0,"Saturday",0,0,78,61,69,"9",2021
"5",2021-09-05,618622,0,"Sunday",0,0,74,65,70,"9",2021
"6",2021-09-06,733947,0,"Monday",0,0,84,69,75,"9",2021
"7",2021-09-07,1102372,0,"Tuesday",0,0,80,63,73,"9",2021
"8",2021-09-08,1192895,0,"Wednesday",0,0,80,68,74,"9",2021
"9",2021-09-09,1249341,0,"Thursday",0.37,0,74,69,72,"9",2021
"10",2021-09-10,1322430,0,"Friday",0,0,76,63,70,"9",2021
"11",2021-09-11,870791,0,"Saturday",0,0,76,58,69,"9",2021
"12",2021-09-12,694561,0,"Sunday",0,0,82,67,73,"9",2021
"13",2021-09-13,1441516,1,"Monday",0.18,0,87,68,78,"9",2021
"14",2021-09-14,1511145,1,"Tuesday",0,0,78,67,73,"9",2021
"15",2021-09-15,1503627,1,"Wednesday",0,0,81,71,75,"9",2021
"16",2021-09-16,1210069,0,"Thursday",0,0,80,70,74,"9",2021
"17",2021-09-17,1456201,1,"Friday",0,0,78,70,73,"9",2021
"18",2021-09-18,871175,0,"Saturday",0,0,86,68,76,"9",2021
"19",2021-09-19,674024,0,"Sunday",0,0,79,64,73,"9",2021
"20",2021-09-20,1481676,1,"Monday",0,0,76,60,68,"9",2021
"21",2021-09-21,1505803,1,"Tuesday",0.03,0,77,58,68,"9",2021
"22",2021-09-22,1506211,1,"Wednesday",0,0,80,71,74,"9",2021
"23",2021-09-23,1483075,1,"Thursday",0.66,0,81,64,76,"9",2021
"24",2021-09-24,1469705,1,"Friday",0.45,0,74,58,67,"9",2021
"25",2021-09-25,872490,0,"Saturday",0,0,76,57,67,"9",2021
"26",2021-09-26,657257,0,"Sunday",0,0,74,62,68,"9",2021
"27",2021-09-27,1489441,1,"Monday",0,0,80,61,69,"9",2021
"28",2021-09-28,1457421,1,"Tuesday",0.09,0,76,62,69,"9",2021
"29",2021-09-29,1513184,1,"Wednesday",0,0,72,54,64,"9",2021
"30",2021-09-30,1516081,1,"Thursday",0,0,67,54,62,"9",2021
"31",2021-10-01,1492942,1,"Friday",0,0,70,50,60,"10",2021
"32",2021-10-02,883902,0,"Saturday",0,0,75,54,64,"10",2021
"33",2021-10-03,673253,0,"Sunday",0,0,77,59,67,"10",2021
"34",2021-10-04,1419155,1,"Monday",0.02,0,73,62,69,"10",2021
"35",2021-10-05,1499767,1,"Tuesday",0,0,66,60,63,"10",2021
"36",2021-10-06,1532668,1,"Wednesday",0,0,72,60,65,"10",2021
"37",2021-10-07,1523168,1,"Thursday",0,0,75,59,67,"10",2021
"38",2021-10-08,1473912,1,"Friday",0,0,77,60,67,"10",2021
"39",2021-10-09,856308,0,"Saturday",0,0,72,58,65,"10",2021
"40",2021-10-10,601821,0,"Sunday",0.1,0,69,62,65,"10",2021
"41",2021-10-11,1045865,0,"Monday",0,0,75,60,66,"10",2021
"42",2021-10-12,1514608,1,"Tuesday",0,0,72,59,65,"10",2021
"43",2021-10-13,1511356,1,"Wednesday",0,0,69,58,64,"10",2021
"44",2021-10-14,1527543,1,"Thursday",0,0,80,62,70,"10",2021
"45",2021-10-15,1491099,1,"Friday",0,0,77,61,69,"10",2021
"46",2021-10-16,856990,0,"Saturday",0.16,0,75,59,70,"10",2021
"47",2021-10-17,663944,0,"Sunday",0,0,65,53,60,"10",2021
"48",2021-10-18,1461843,1,"Monday",0,0,64,50,55,"10",2021
"49",2021-10-19,1510722,1,"Tuesday",0,0,68,48,56,"10",2021
"50",2021-10-20,1525608,1,"Wednesday",0,0,79,58,65,"10",2021
"51",2021-10-21,1476434,1,"Thursday",0,0,73,57,65,"10",2021
"52",2021-10-22,1471199,1,"Friday",0,0,71,58,65,"10",2021
"53",2021-10-23,847596,0,"Saturday",0.14,0,62,50,57,"10",2021
"54",2021-10-24,659283,0,"Sunday",0.01,0,62,47,54,"10",2021
"55",2021-10-25,1461023,1,"Monday",0.02,0,73,61,65,"10",2021
"56",2021-10-26,1233660,1,"Tuesday",3.24,0,66,56,63,"10",2021
"57",2021-10-27,1503535,1,"Wednesday",0.15,0,61,53,58,"10",2021
"58",2021-10-28,1515489,1,"Thursday",0,0,58,48,54,"10",2021
"59",2021-10-29,1426938,1,"Friday",0.38,0,59,47,53,"10",2021
"60",2021-10-30,819620,0,"Saturday",0.03,0,66,56,59,"10",2021
"61",2021-10-31,656203,0,"Sunday",0.11,0,66,56,60,"10",2021
"62",2021-11-01,1448304,1,"Monday",0,0,62,50,58,"11",2021
"63",2021-11-02,1258180,0,"Tuesday",0.01,0,56,44,52,"11",2021
"64",2021-11-03,1507287,1,"Wednesday",0,0,56,40,47,"11",2021
"65",2021-11-04,1486942,1,"Thursday",0,0,53,38,45,"11",2021
"66",2021-11-05,1457014,1,"Friday",0,0,53,37,46,"11",2021
"67",2021-11-06,864499,0,"Saturday",0,0,55,36,45,"11",2021
"68",2021-11-07,614513,0,"Sunday",0,0,55,37,45,"11",2021
"69",2021-11-08,1461178,1,"Monday",0,0,66,43,53,"11",2021
"70",2021-11-09,1518264,1,"Tuesday",0,0,69,43,55,"11",2021
"71",2021-11-10,1514453,1,"Wednesday",0,0,67,46,58,"11",2021
"72",2021-11-11,1198235,0,"Thursday",0,0,62,38,51,"11",2021
"73",2021-11-12,1350608,1,"Friday",0.21,0,66,50,62,"11",2021
"74",2021-11-13,815114,0,"Saturday",0.14,0,64,39,52,"11",2021
"75",2021-11-14,657129,0,"Sunday",0.02,0,48,39,43,"11",2021
"76",2021-11-15,1437414,1,"Monday",0,0,50,39,44,"11",2021
"77",2021-11-16,1492110,1,"Tuesday",0,0,50,37,43,"11",2021
"78",2021-11-17,1501740,1,"Wednesday",0,0,57,33,46,"11",2021
"79",2021-11-18,1505488,1,"Thursday",0.06,0,64,48,56,"11",2021
"80",2021-11-19,1429787,1,"Friday",0.06,0,50,39,48,"11",2021
"81",2021-11-20,861772,0,"Saturday",0,0,48,33,41,"11",2021
"82",2021-11-21,674551,0,"Sunday",0,0,56,43,48,"11",2021
"83",2021-11-22,1418226,1,"Monday",0.04,0,55,36,51,"11",2021
"84",2021-11-23,1424890,1,"Tuesday",0,0,44,32,38,"11",2021
"85",2021-11-24,1343391,1,"Wednesday",0,0,46,30,37,"11",2021
"86",2021-11-25,509782,0,"Thursday",0,0,54,33,44,"11",2021
"87",2021-11-26,843588,0,"Friday",0.13,0,49,37,46,"11",2021
"88",2021-11-27,750986,0,"Saturday",0,0,41,35,38,"11",2021
"89",2021-11-28,592081,0,"Sunday",0,0,42,33,36,"11",2021
"90",2021-11-29,1381661,1,"Monday",0,0,45,33,40,"11",2021
"91",2021-11-30,1432539,1,"Tuesday",0,0,43,30,36,"11",2021
"92",2021-12-01,1463384,1,"Wednesday",0,0,50,40,44,"12",2021
"93",2021-12-02,1449142,1,"Thursday",0.03,0,56,45,50,"12",2021
"94",2021-12-03,1419078,1,"Friday",0,0,49,37,48,"12",2021
"95",2021-12-04,864764,0,"Saturday",0,0,47,36,41,"12",2021
"96",2021-12-05,665129,0,"Sunday",0,0,51,36,43,"12",2021
"97",2021-12-06,1394230,1,"Monday",0.54,0,58,45,52,"12",2021
"98",2021-12-07,1453136,1,"Tuesday",0,0,45,37,44,"12",2021
"99",2021-12-08,1430106,1,"Wednesday",0.07,0,42,34,39,"12",2021
"100",2021-12-09,1436883,1,"Thursday",0,0,40,31,36,"12",2021
"101",2021-12-10,1404176,1,"Friday",0,0,50,38,43,"12",2021
"102",2021-12-11,786137,0,"Saturday",0.16,0,59,44,49,"12",2021
"103",2021-12-12,627007,0,"Sunday",0,0,57,41,49,"12",2021
"104",2021-12-13,1333718,1,"Monday",0,0,52,40,45,"12",2021
"105",2021-12-14,1378221,1,"Tuesday",0,0,54,38,47,"12",2021
"106",2021-12-15,1436154,1,"Wednesday",0,0,54,33,44,"12",2021
"107",2021-12-16,1438193,1,"Thursday",0,0,61,50,54,"12",2021
"108",2021-12-17,1375383,1,"Friday",0,0,61,48,55,"12",2021
"109",2021-12-18,786073,0,"Saturday",0.06,0,49,39,45,"12",2021
"110",2021-12-19,636393,0,"Sunday",0.02,0,47,29,42,"12",2021
"111",2021-12-20,1277654,1,"Monday",0,0,36,24,30,"12",2021
"112",2021-12-21,1299476,1,"Tuesday",0,0,43,31,36,"12",2021
"113",2021-12-22,1252621,1,"Wednesday",0.11,0,49,34,42,"12",2021
"114",2021-12-23,1166953,1,"Thursday",0,0,38,30,34,"12",2021
"115",2021-12-24,746809,0,"Friday",0.01,0.2,41,30,34,"12",2021
"116",2021-12-25,329549,0,"Saturday",0.16,0,53,33,40,"12",2021
"117",2021-12-26,518897,0,"Sunday",0,0,53,39,48,"12",2021
"118",2021-12-27,890096,0,"Monday",0.03,0,39,32,37,"12",2021
"119",2021-12-28,953933,0,"Tuesday",0.06,0,47,37,41,"12",2021
"120",2021-12-29,921562,0,"Wednesday",0.35,0,45,41,43,"12",2021
"121",2021-12-30,928012,0,"Thursday",0.09,0,50,43,45,"12",2021
"122",2021-12-31,699749,0,"Friday",0.01,0,52,46,48,"12",2021
"123",2022-01-01,350845,0,"Saturday",1.22,0,53,48,50,"1",2022
"124",2022-01-02,475096,0,"Sunday",0.03,0,59,38,53,"1",2022
"125",2022-01-03,1000002,1,"Monday",0,0,39,22,34,"1",2022
"126",2022-01-04,1082360,1,"Tuesday",0,0,33,19,25,"1",2022
"127",2022-01-05,1078511,1,"Wednesday",0.29,0,46,30,36,"1",2022
"128",2022-01-06,1146904,1,"Thursday",0,0,41,34,39,"1",2022
"129",2022-01-07,880997,1,"Friday",0.31,6.2,35,25,32,"1",2022
"130",2022-01-08,631341,0,"Saturday",0,0,31,21,25,"1",2022
"131",2022-01-09,475438,0,"Sunday",0.12,0,41,29,34,"1",2022
"132",2022-01-10,1147341,1,"Monday",0,0,41,25,34,"1",2022
"133",2022-01-11,1040581,1,"Tuesday",0,0,25,14,21,"1",2022
"134",2022-01-12,1179931,1,"Wednesday",0,0,41,15,28,"1",2022
"135",2022-01-13,1218552,1,"Thursday",0,0,49,28,38,"1",2022
"136",2022-01-14,1186647,1,"Friday",0,0,45,21,40,"1",2022
"137",2022-01-15,573037,0,"Saturday",0,0,21,11,19,"1",2022
"138",2022-01-16,456257,0,"Sunday",0.53,0.1,42,9,18,"1",2022
"139",2022-01-17,694066,0,"Monday",0.92,0,46,35,40,"1",2022
"140",2022-01-18,1222195,1,"Tuesday",0,0,39,24,35,"1",2022
"141",2022-01-19,1286788,1,"Wednesday",0,0,50,22,35,"1",2022
"142",2022-01-20,1181953,1,"Thursday",0.25,0.1,45,21,39,"1",2022
"143",2022-01-21,1151816,1,"Friday",0,0,24,14,21,"1",2022
"144",2022-01-22,655490,0,"Saturday",0,0,32,14,22,"1",2022
"145",2022-01-23,529115,0,"Sunday",0,0.1,37,24,29,"1",2022
"146",2022-01-24,1244112,1,"Monday",0,0.1,38,28,31,"1",2022
"147",2022-01-25,1308979,1,"Tuesday",0,0,44,29,38,"1",2022
"148",2022-01-26,1266798,0,"Wednesday",0,0,29,18,27,"1",2022
"149",2022-01-27,1275573,0,"Thursday",0,0,32,13,22,"1",2022
"150",2022-01-28,1208092,0,"Friday",0.12,1.9,35,29,31,"1",2022
"151",2022-01-29,271959,0,"Saturday",0.58,9.3,29,12,23,"1",2022
"152",2022-01-30,460299,0,"Sunday",0,0,25,12,17,"1",2022
"153",2022-01-31,1139164,0,"Monday",0,0,32,16,24,"1",2022
"154",2022-02-01,1127084,0,"Tuesday",0,0,38,18,27,"2",2022
"155",2022-02-02,1314898,1,"Wednesday",0,0,45,28,35,"2",2022
"156",2022-02-03,1304726,1,"Thursday",0.33,0,46,37,40,"2",2022
"157",2022-02-04,1176367,1,"Friday",0.56,0.1,49,27,42,"2",2022
"158",2022-02-05,726750,0,"Saturday",0,0,30,19,27,"2",2022
"159",2022-02-06,558211,0,"Sunday",0,0,31,15,22,"2",2022
"160",2022-02-07,1297024,1,"Monday",0.28,0,39,30,33,"2",2022
"161",2022-02-08,1387432,1,"Tuesday",0.12,0,48,32,39,"2",2022
"162",2022-02-09,1421706,1,"Wednesday",0,0,41,24,34,"2",2022
"163",2022-02-10,1423775,1,"Thursday",0,0,56,30,41,"2",2022
"164",2022-02-11,1348189,1,"Friday",0,0,52,34,44,"2",2022
"165",2022-02-12,820629,0,"Saturday",0,0,61,39,49,"2",2022
"166",2022-02-13,510307,0,"Sunday",0.25,2.8,43,25,37,"2",2022
"167",2022-02-14,1272100,1,"Monday",0,0,25,17,23,"2",2022
"168",2022-02-15,1340123,1,"Tuesday",0,0,30,17,22,"2",2022
"169",2022-02-16,1406714,1,"Wednesday",0,0,43,22,33,"2",2022
"170",2022-02-17,1408571,1,"Thursday",0.23,0,54,41,46,"2",2022
"171",2022-02-18,1285978,1,"Friday",0.39,0,58,27,47,"2",2022
"172",2022-02-19,723602,0,"Saturday",0,0,42,21,31,"2",2022
"173",2022-02-20,571789,0,"Sunday",0,0,34,21,27,"2",2022
"174",2022-02-21,873961,0,"Monday",0,0,48,30,37,"2",2022
"175",2022-02-22,1143526,0,"Tuesday",0.14,0,53,33,42,"2",2022
"176",2022-02-23,1247209,0,"Wednesday",0,0,69,35,54,"2",2022
"177",2022-02-24,1196924,0,"Thursday",0,0,35,29,35,"2",2022
"178",2022-02-25,1027563,0,"Friday",0.78,0.3,45,26,34,"2",2022
"179",2022-02-26,775358,0,"Saturday",0,0,38,24,30,"2",2022
"180",2022-02-27,604646,0,"Sunday",0,0,48,29,36,"2",2022
"181",2022-02-28,1362855,1,"Monday",0,0,37,27,34,"2",2022
"182",2022-03-01,1435834,1,"Tuesday",0,0,45,28,35,"3",2022
"183",2022-03-02,1463263,1,"Wednesday",0,0,52,38,44,"3",2022
"184",2022-03-03,1434851,1,"Thursday",0.08,0,45,25,42,"3",2022
"185",2022-03-04,1363159,1,"Friday",0,0,36,19,27,"3",2022
"186",2022-03-05,812774,0,"Saturday",0,0,45,27,35,"3",2022
"187",2022-03-06,600501,0,"Sunday",0.05,0,62,44,47,"3",2022
"188",2022-03-07,1395540,1,"Monday",0.06,0,61,48,53,"3",2022
"189",2022-03-08,1456451,1,"Tuesday",0,0,53,37,47,"3",2022
"190",2022-03-09,1338822,1,"Wednesday",0.61,0.2,40,33,37,"3",2022
"191",2022-03-10,1476288,1,"Thursday",0,0,50,30,38,"3",2022
"192",2022-03-11,1419371,1,"Friday",0,0,50,30,41,"3",2022
"193",2022-03-12,637601,0,"Saturday",0.5,0.3,46,24,40,"3",2022
"194",2022-03-13,590753,0,"Sunday",0,0,35,22,28,"3",2022
"195",2022-03-14,1406578,1,"Monday",0,0,55,33,41,"3",2022
"196",2022-03-15,1454522,1,"Tuesday",0,0,58,38,47,"3",2022
"197",2022-03-16,1476356,1,"Wednesday",0,0,62,41,52,"3",2022
"198",2022-03-17,1350810,1,"Thursday",0.06,0,55,45,49,"3",2022
"199",2022-03-18,1402806,1,"Friday",0,0,63,46,54,"3",2022
"200",2022-03-19,820933,0,"Saturday",0.18,0,60,46,52,"3",2022
"201",2022-03-20,628693,0,"Sunday",0,0,62,46,56,"3",2022
"202",2022-03-21,1418900,1,"Monday",0,0,63,45,52,"3",2022
"203",2022-03-22,1471299,1,"Tuesday",0,0,60,46,53,"3",2022
"204",2022-03-23,1438665,1,"Wednesday",0.07,0,47,39,44,"3",2022
"205",2022-03-24,1373850,1,"Thursday",0.93,0,47,41,44,"3",2022
"206",2022-03-25,1397899,1,"Friday",0.03,0,57,44,49,"3",2022
"207",2022-03-26,783499,0,"Saturday",0,0,54,42,50,"3",2022
"208",2022-03-27,628313,0,"Sunday",0,0,47,29,43,"3",2022
"209",2022-03-28,1336330,1,"Monday",0,0,34,23,30,"3",2022
"210",2022-03-29,1430099,1,"Tuesday",0,0,38,24,30,"3",2022
"211",2022-03-30,1465351,1,"Wednesday",0,0,44,27,35,"3",2022
"212",2022-03-31,1450363,1,"Thursday",0.05,0,57,44,49,"3",2022
"213",2022-04-01,1411421,1,"Friday",0.08,0,59,43,54,"4",2022
"214",2022-04-02,879513,0,"Saturday",0,0,52,39,45,"4",2022
"215",2022-04-03,607152,0,"Sunday",0.1,0,46,38,43,"4",2022
"216",2022-04-04,1447820,1,"Monday",0,0,55,39,46,"4",2022
"217",2022-04-05,1484961,1,"Tuesday",0.06,0,53,38,47,"4",2022
"218",2022-04-06,1403198,1,"Wednesday",0.54,0,54,47,49,"4",2022
"219",2022-04-07,1379678,1,"Thursday",0.45,0,52,45,48,"4",2022
"220",2022-04-08,1443367,1,"Friday",0.04,0,63,48,53,"4",2022
"221",2022-04-09,868945,0,"Saturday",0.02,0,57,47,51,"4",2022
"222",2022-04-10,667662,0,"Sunday",0,0,52,43,48,"4",2022
"223",2022-04-11,1433226,1,"Monday",0,0,56,39,47,"4",2022
"224",2022-04-12,1496004,1,"Tuesday",0.02,0,72,47,54,"4",2022
"225",2022-04-13,1495891,1,"Wednesday",0,0,65,46,55,"4",2022
"226",2022-04-14,1438990,1,"Thursday",0.08,0,70,53,60,"4",2022
"227",2022-04-15,1137728,0,"Friday",0.01,0,67,46,59,"4",2022
"228",2022-04-16,830874,0,"Saturday",0.09,0,62,45,54,"4",2022
"229",2022-04-17,596619,0,"Sunday",0,0,52,40,47,"4",2022
"230",2022-04-18,1145261,0,"Monday",0.96,0,52,37,44,"4",2022
"231",2022-04-19,1189960,0,"Tuesday",0.59,0,52,40,46,"4",2022
"232",2022-04-20,1265823,0,"Wednesday",0,0,60,41,48,"4",2022
"233",2022-04-21,1231047,0,"Thursday",0,0,56,40,48,"4",2022
"234",2022-04-22,1217380,0,"Friday",0,0,70,45,57,"4",2022
"235",2022-04-23,844146,0,"Saturday",0,0,59,48,55,"4",2022
"236",2022-04-24,648591,0,"Sunday",0,0,60,45,52,"4",2022
"237",2022-04-25,1415638,1,"Monday",0,0,55,44,49,"4",2022
"238",2022-04-26,1453452,1,"Tuesday",0.06,0,60,51,54,"4",2022
"239",2022-04-27,1500437,1,"Wednesday",0,0,58,41,53,"4",2022
"240",2022-04-28,1468093,1,"Thursday",0,0,58,40,47,"4",2022
"241",2022-04-29,1429909,1,"Friday",0,0,63,42,51,"4",2022
"242",2022-04-30,884540,0,"Saturday",0,0,66,44,54,"4",2022
"243",2022-05-01,676070,0,"Sunday",0,0,63,42,53,"5",2022
"244",2022-05-02,1176867,0,"Monday",0.51,0,55,50,54,"5",2022
"245",2022-05-03,1500109,1,"Tuesday",0,0,62,49,54,"5",2022
"246",2022-05-04,1465639,1,"Wednesday",0.04,0,66,49,53,"5",2022
"247",2022-05-05,1523580,1,"Thursday",0,0,70,54,60,"5",2022
"248",2022-05-06,1353750,1,"Friday",0.85,0,58,48,55,"5",2022
"249",2022-05-07,706551,0,"Saturday",0.96,0,51,44,49,"5",2022
"250",2022-05-08,630228,0,"Sunday",0,0,58,44,50,"5",2022
"251",2022-05-09,1428758,1,"Monday",0,0,70,45,56,"5",2022
"252",2022-05-10,1504314,1,"Tuesday",0,0,73,50,60,"5",2022
"253",2022-05-11,1514922,1,"Wednesday",0,0,74,53,60,"5",2022
"254",2022-05-12,1495220,1,"Thursday",0,0,71,53,61,"5",2022
"255",2022-05-13,1410923,1,"Friday",0,0,75,57,62,"5",2022
"256",2022-05-14,840921,0,"Saturday",0.15,0,70,57,62,"5",2022
"257",2022-05-15,692876,0,"Sunday",0,0,73,55,62,"5",2022
"258",2022-05-16,1396300,1,"Monday",0.09,0,69,59,63,"5",2022
"259",2022-05-17,1519740,1,"Tuesday",0,0,79,57,67,"5",2022
"260",2022-05-18,1511142,1,"Wednesday",0,0,70,56,63,"5",2022
"261",2022-05-19,1426027,1,"Thursday",1.04,0,63,54,57,"5",2022
"262",2022-05-20,1396732,1,"Friday",0.49,0,69,52,58,"5",2022
"263",2022-05-21,883795,0,"Saturday",0,0,87,59,68,"5",2022
"264",2022-05-22,683500,0,"Sunday",0,0,84,65,73,"5",2022
"265",2022-05-23,1431781,1,"Monday",0,0,75,61,70,"5",2022
"266",2022-05-24,1488152,1,"Tuesday",0,0,68,54,62,"5",2022
"267",2022-05-25,1493506,1,"Wednesday",0,0,65,51,58,"5",2022
"268",2022-05-26,1464696,1,"Thursday",0,0,67,52,59,"5",2022
"269",2022-05-27,1353398,1,"Friday",0.05,0,73,62,65,"5",2022
"270",2022-05-28,788135,0,"Saturday",0.16,0,75,62,67,"5",2022
"271",2022-05-29,701173,0,"Sunday",0,0,74,61,69,"5",2022
"272",2022-05-30,755616,0,"Monday",0,0,80,60,69,"5",2022
"273",2022-05-31,1426470,1,"Tuesday",0,0,94,63,79,"5",2022
"274",2022-06-01,1465383,1,"Wednesday",1.36,0,67,59,64,"6",2022
"275",2022-06-02,1433303,1,"Thursday",0.3,0,75,60,66,"6",2022
"276",2022-06-03,1431042,1,"Friday",0,0,69,61,66,"6",2022
"277",2022-06-04,904623,0,"Saturday",0,0,75,57,67,"6",2022
"278",2022-06-05,691644,0,"Sunday",0,0,74,56,66,"6",2022
"279",2022-06-06,1411725,1,"Monday",0,0,77,58,68,"6",2022
"280",2022-06-07,1440940,0,"Tuesday",0.04,0,75,58,68,"6",2022
"281",2022-06-08,1496144,1,"Wednesday",0,0,84,67,73,"6",2022
"282",2022-06-09,1333103,0,"Thursday",0.6,0,84,64,74,"6",2022
"283",2022-06-10,1435660,1,"Friday",0,0,80,63,71,"6",2022
"284",2022-06-11,870550,0,"Saturday",0,0,80,65,71,"6",2022
"285",2022-06-12,626471,0,"Sunday",0.15,0,72,63,67,"6",2022
"286",2022-06-13,1440429,1,"Monday",0,0,79,66,72,"6",2022
"287",2022-06-14,1493761,1,"Tuesday",0,0,80,66,73,"6",2022
"288",2022-06-15,1478668,1,"Wednesday",0,0,79,66,72,"6",2022
"289",2022-06-16,1397317,0,"Thursday",0.29,0,72,64,68,"6",2022
"290",2022-06-17,1397243,1,"Friday",0,0,94,67,77,"6",2022
"291",2022-06-18,884050,0,"Saturday",0,0,78,59,73,"6",2022
"292",2022-06-19,693231,0,"Sunday",0,0,76,55,64,"6",2022
"293",2022-06-20,1077190,0,"Monday",0,0,82,58,70,"6",2022
"294",2022-06-21,1408052,1,"Tuesday",0.02,0,78,61,70,"6",2022
"295",2022-06-22,1361456,1,"Wednesday",0.14,0,67,61,65,"6",2022
"296",2022-06-23,1382605,1,"Thursday",0,0,74,60,67,"6",2022
"297",2022-06-24,1331442,1,"Friday",0,0,76,61,68,"6",2022
"298",2022-06-25,888953,0,"Saturday",0,0,88,66,76,"6",2022
"299",2022-06-26,696910,0,"Sunday",0,0,84,68,75,"6",2022
"300",2022-06-27,1279403,0,"Monday",0.35,0,77,69,72,"6",2022
"301",2022-06-28,1328144,0,"Tuesday",0,0,80,64,72,"6",2022
"302",2022-06-29,1325530,0,"Wednesday",0,0,83,64,72,"6",2022
"303",2022-06-30,1300241,0,"Thursday",0,0,84,68,75,"6",2022
"304",2022-07-01,1221837,0,"Friday",0,0,85,70,76,"7",2022
"305",2022-07-02,827668,0,"Saturday",0,0,87,73,78,"7",2022
"306",2022-07-03,703282,0,"Sunday",0,0,88,70,79,"7",2022
"307",2022-07-04,689986,0,"Monday",0,0,85,66,76,"7",2022
"308",2022-07-05,1246208,0,"Tuesday",0.01,0,84,68,74,"7",2022
"309",2022-07-06,1330990,0,"Wednesday",0,0,89,71,79,"7",2022
"310",2022-07-07,1333373,0,"Thursday",0,0,82,69,77,"7",2022
"311",2022-07-08,1249434,0,"Friday",0.26,0,81,65,72,"7",2022
"312",2022-07-09,885289,0,"Saturday",0,0,86,69,76,"7",2022
"313",2022-07-10,707984,0,"Sunday",0,0,81,66,73,"7",2022
"314",2022-07-11,1312895,0,"Monday",0,0,81,65,73,"7",2022
"315",2022-07-12,1350346,0,"Tuesday",0,0,83,69,75,"7",2022
"316",2022-07-13,1365172,0,"Wednesday",0,0,91,73,81,"7",2022
"317",2022-07-14,1355975,0,"Thursday",0,0,92,72,79,"7",2022
"318",2022-07-15,1291217,0,"Friday",0,0,84,72,78,"7",2022
"319",2022-07-16,859537,0,"Saturday",0.02,0,84,72,76,"7",2022
"320",2022-07-17,701796,0,"Sunday",0.02,0,84,72,78,"7",2022
"321",2022-07-18,1209240,0,"Monday",0.38,0,84,74,78,"7",2022
"322",2022-07-19,1372407,0,"Tuesday",0,0,94,75,82,"7",2022
"323",2022-07-20,1357383,0,"Wednesday",0,0,95,76,85,"7",2022
"324",2022-07-21,1302978,0,"Thursday",0,0,91,75,82,"7",2022
"325",2022-07-22,1267907,0,"Friday",0,0,95,78,87,"7",2022
"326",2022-07-23,862976,0,"Saturday",0,0,96,77,86,"7",2022
"327",2022-07-24,674189,0,"Sunday",0,0,96,76,83,"7",2022
"328",2022-07-25,1220826,0,"Monday",0.23,0,86,75,80,"7",2022
"329",2022-07-26,1360570,0,"Tuesday",0,0,81,72,77,"7",2022
"330",2022-07-27,1369023,0,"Wednesday",0,0,85,68,77,"7",2022
"331",2022-07-28,1332113,0,"Thursday",0.18,0,84,74,77,"7",2022
"332",2022-07-29,1260714,0,"Friday",0,0,85,76,80,"7",2022
"333",2022-07-30,893846,0,"Saturday",0,0,91,74,82,"7",2022
"334",2022-07-31,693700,0,"Sunday",0,0,85,69,78,"7",2022
"335",2022-08-01,1240007,0,"Monday",0.25,0,77,68,73,"8",2022
"336",2022-08-02,1346324,0,"Tuesday",0,0,89,69,77,"8",2022
"337",2022-08-03,1367848,0,"Wednesday",0,0,89,74,82,"8",2022
"338",2022-08-04,1323229,0,"Thursday",0,0,91,72,81,"8",2022
"339",2022-08-05,1260961,0,"Friday",0,0,89,76,81,"8",2022
"340",2022-08-06,865676,0,"Saturday",0,0,89,74,80,"8",2022
"341",2022-08-07,670866,0,"Sunday",0.01,0,89,77,81,"8",2022
"342",2022-08-08,1276524,0,"Monday",0,0,88,77,81,"8",2022
"343",2022-08-09,1308034,0,"Tuesday",0,0,93,75,83,"8",2022
"344",2022-08-10,1347916,0,"Wednesday",0,0,88,75,82,"8",2022
"345",2022-08-11,1315101,0,"Thursday",0.35,0,86,72,78,"8",2022
"346",2022-08-12,1273620,0,"Friday",0,0,87,71,77,"8",2022
"347",2022-08-13,878499,0,"Saturday",0,0,81,65,74,"8",2022
"348",2022-08-14,692644,0,"Sunday",0,0,82,64,73,"8",2022
"349",2022-08-15,1234308,0,"Monday",0,0,82,66,74,"8",2022
"350",2022-08-16,1288800,0,"Tuesday",0,0,82,63,73,"8",2022
"351",2022-08-17,1284966,0,"Wednesday",0.13,0,84,65,73,"8",2022
"352",2022-08-18,1283965,0,"Thursday",0,0,87,65,74,"8",2022
"353",2022-08-19,1239929,0,"Friday",0,0,88,70,78,"8",2022
"354",2022-08-20,875371,0,"Saturday",0,0,88,72,78,"8",2022
"355",2022-08-21,692309,0,"Sunday",0,0,82,71,76,"8",2022
"356",2022-08-22,1144254,0,"Monday",0.03,0,79,73,74,"8",2022
"357",2022-08-23,1261782,0,"Tuesday",0,0,85,71,76,"8",2022
"358",2022-08-24,1288092,0,"Wednesday",0,0,91,71,80,"8",2022
"359",2022-08-25,1310134,0,"Thursday",0,0,92,69,81,"8",2022
"360",2022-08-26,1217448,0,"Friday",0.02,0,86,72,78,"8",2022
"361",2022-08-27,874084,0,"Saturday",0,0,91,73,80,"8",2022
"362",2022-08-28,681823,0,"Sunday",0,0,83,73,76,"8",2022
"363",2022-08-29,1263000,0,"Monday",0,0,85,74,77,"8",2022
"364",2022-08-30,1326293,0,"Tuesday",0.06,0,86,73,78,"8",2022
"365",2022-08-31,1342568,0,"Wednesday",0,0,88,72,79,"8",2022
"366",2022-09-01,1338287,0,"Thursday",0,0,89,69,79,"9",2022
"367",2022-09-02,1250956,0,"Friday",0,0,77,62,72,"9",2022
"368",2022-09-03,867750,0,"Saturday",0,0,79,62,70,"9",2022
"369",2022-09-04,701646,0,"Sunday",0.03,0,86,72,76,"9",2022
"370",2022-09-05,682671,0,"Monday",0,0,84,72,76,"9",2022
"371",2022-09-06,1231759,0,"Tuesday",0.87,0,75,67,73,"9",2022
"372",2022-09-07,1412342,0,"Wednesday",0,0,75,66,69,"9",2022
"373",2022-09-08,1517502,1,"Thursday",0,0,80,65,71,"9",2022
"374",2022-09-09,1492297,1,"Friday",0,0,79,60,69,"9",2022
"375",2022-09-10,914744,0,"Saturday",0,0,82,65,72,"9",2022
"376",2022-09-11,659929,0,"Sunday",0.2,0,76,68,73,"9",2022
"377",2022-09-12,1519324,1,"Monday",0.06,0,79,68,72,"9",2022
"378",2022-09-13,1557686,1,"Tuesday",0.01,0,88,69,76,"9",2022
"379",2022-09-14,1590666,1,"Wednesday",0,0,84,65,74,"9",2022
"380",2022-09-15,1573907,1,"Thursday",0,0,76,61,72,"9",2022
"381",2022-09-16,1501956,1,"Friday",0,0,78,56,67,"9",2022
"382",2022-09-17,916215,0,"Saturday",0,0,74,65,69,"9",2022
"383",2022-09-18,712161,0,"Sunday",0,0,84,67,73,"9",2022
"384",2022-09-19,1490926,1,"Monday",0.03,0,85,69,75,"9",2022
"385",2022-09-20,1554448,1,"Tuesday",0,0,83,69,74,"9",2022
"386",2022-09-21,1543632,1,"Wednesday",0,0,78,62,71,"9",2022
"387",2022-09-22,1433737,1,"Thursday",0.34,0,81,58,71,"9",2022
"388",2022-09-23,1413234,1,"Friday",0,0,67,51,60,"9",2022
"389",2022-09-24,860948,0,"Saturday",0,0,72,49,58,"9",2022
"390",2022-09-25,660871,0,"Sunday",0.31,0,76,61,66,"9",2022
"391",2022-09-26,1206954,0,"Monday",0,0,75,59,66,"9",2022
"392",2022-09-27,1290217,0,"Tuesday",0,0,72,60,67,"9",2022
"393",2022-09-28,1541900,1,"Wednesday",0,0,73,54,63,"9",2022
"394",2022-09-29,1503472,1,"Thursday",0,0,68,56,63,"9",2022
"395",2022-09-30,1477082,1,"Friday",0,0,64,54,59,"9",2022
"396",2022-10-01,758826,0,"Saturday",0.89,0,60,53,58,"10",2022
"397",2022-10-02,591909,0,"Sunday",0.19,0,60,50,57,"10",2022
"398",2022-10-03,1426633,1,"Monday",0.78,0,52,49,51,"10",2022
"399",2022-10-04,1354099,1,"Tuesday",1.38,0,56,47,50,"10",2022
"400",2022-10-05,1206674,0,"Wednesday",0.55,0,60,55,56,"10",2022
"401",2022-10-06,1554806,1,"Thursday",0,0,76,52,62,"10",2022
"402",2022-10-07,1480214,1,"Friday",0,0,76,56,65,"10",2022
"403",2022-10-08,888506,0,"Saturday",0.04,0,61,46,58,"10",2022
"404",2022-10-09,691656,0,"Sunday",0,0,64,45,54,"10",2022
"405",2022-10-10,1034288,0,"Monday",0,0,68,48,58,"10",2022
"406",2022-10-11,1521587,1,"Tuesday",0,0,73,51,61,"10",2022
"407",2022-10-12,1554226,1,"Wednesday",0,0,68,52,60,"10",2022
"408",2022-10-13,1463795,1,"Thursday",1.11,0,68,55,64,"10",2022
"409",2022-10-14,1468602,1,"Friday",0.11,0,69,51,60,"10",2022
"410",2022-10-15,914771,0,"Saturday",0,0,68,47,58,"10",2022
"411",2022-10-16,705073,0,"Sunday",0,0,66,52,59,"10",2022
"412",2022-10-17,1430672,1,"Monday",0.08,0,67,54,60,"10",2022
"413",2022-10-18,1510826,1,"Tuesday",0,0,58,48,54,"10",2022
"414",2022-10-19,1545140,1,"Wednesday",0,0,56,43,50,"10",2022
"415",2022-10-20,1532692,1,"Thursday",0,0,61,44,52,"10",2022
"416",2022-10-21,1452280,1,"Friday",0,0,64,43,55,"10",2022
"417",2022-10-22,916539,0,"Saturday",0,0,65,43,55,"10",2022
"418",2022-10-23,668183,0,"Sunday",0.03,0,61,55,57,"10",2022
"419",2022-10-24,1432728,1,"Monday",0.37,0,64,55,58,"10",2022
"420",2022-10-25,1512725,1,"Tuesday",0,0,73,62,65,"10",2022
"421",2022-10-26,1539557,1,"Wednesday",0,0,71,60,65,"10",2022
"422",2022-10-27,1543031,1,"Thursday",0,0,67,51,62,"10",2022
"423",2022-10-28,1455834,1,"Friday",0,0,59,46,52,"10",2022
"424",2022-10-29,912721,0,"Saturday",0,0,61,42,50,"10",2022
"425",2022-10-30,711004,0,"Sunday",0,0,62,38,51,"10",2022
"426",2022-10-31,1394453,1,"Monday",0.08,0,64,49,56,"10",2022
"427",2022-11-01,1501329,1,"Tuesday",0.21,0,70,59,62,"11",2022
"428",2022-11-02,1549724,1,"Wednesday",0,0,72,50,63,"11",2022
"429",2022-11-03,1521975,1,"Thursday",0,0,66,46,56,"11",2022
"430",2022-11-04,1459619,1,"Friday",0,0,68,47,56,"11",2022
"431",2022-11-05,918127,0,"Saturday",0,0,73,60,65,"11",2022
"432",2022-11-06,648085,0,"Sunday",0,0,70,64,66,"11",2022
"433",2022-11-07,1478731,1,"Monday",0,0,80,55,69,"11",2022
"434",2022-11-08,1356894,0,"Tuesday",0,0,60,46,55,"11",2022
"435",2022-11-09,1517250,1,"Wednesday",0,0,53,39,47,"11",2022
"436",2022-11-10,1516812,1,"Thursday",0,0,64,42,53,"11",2022
"437",2022-11-11,1077574,0,"Friday",0.51,0,68,56,62,"11",2022
"438",2022-11-12,893837,0,"Saturday",0.06,0,72,60,67,"11",2022
"439",2022-11-13,662034,0,"Sunday",0.09,0,61,42,56,"11",2022
"440",2022-11-14,1441705,1,"Monday",0,0,47,35,43,"11",2022
"441",2022-11-15,1483782,1,"Tuesday",0.43,0,46,33,40,"11",2022
"442",2022-11-16,1484607,1,"Wednesday",0.2,0,53,41,46,"11",2022
"443",2022-11-17,1493119,1,"Thursday",0,0,47,38,42,"11",2022
"444",2022-11-18,1412974,1,"Friday",0.01,0,46,35,40,"11",2022
"445",2022-11-19,864766,0,"Saturday",0,0,41,32,37,"11",2022
"446",2022-11-20,645986,0,"Sunday",0,0,44,30,37,"11",2022
"447",2022-11-21,1393031,1,"Monday",0,0,42,28,34,"11",2022
"448",2022-11-22,1447618,1,"Tuesday",0,0,50,37,43,"11",2022
"449",2022-11-23,1358016,1,"Wednesday",0,0,57,34,46,"11",2022
"450",2022-11-24,515903,0,"Thursday",0,0,53,33,44,"11",2022
"451",2022-11-25,842892,0,"Friday",0.02,0,55,44,49,"11",2022
"452",2022-11-26,781665,0,"Saturday",0,0,57,43,48,"11",2022
"453",2022-11-27,562073,0,"Sunday",0.56,0,60,42,49,"11",2022
"454",2022-11-28,1397963,1,"Monday",0,0,56,41,53,"11",2022
"455",2022-11-29,1455294,1,"Tuesday",0,0,44,34,41,"11",2022
"456",2022-11-30,1356729,1,"Wednesday",0.34,0,58,35,47,"11",2022
"457",2022-12-01,1459934,1,"Thursday",0,0,44,35,42,"12",2022
"458",2022-12-02,1395642,1,"Friday",0,0,45,31,37,"12",2022
"459",2022-12-03,760109,0,"Saturday",0.23,0,57,44,51,"12",2022
"460",2022-12-04,681713,0,"Sunday",0,0,47,37,45,"12",2022
"461",2022-12-05,1429308,1,"Monday",0,0,47,30,39,"12",2022
"462",2022-12-06,1414979,1,"Tuesday",0.43,0,57,36,47,"12",2022
"463",2022-12-07,1442871,1,"Wednesday",0.31,0,57,54,55,"12",2022
"464",2022-12-08,1480877,1,"Thursday",0,0,55,42,53,"12",2022
"465",2022-12-09,1386473,1,"Friday",0,0,47,34,42,"12",2022
"466",2022-12-10,869320,0,"Saturday",0,0,39,32,36,"12",2022
"467",2022-12-11,618870,0,"Sunday",0.18,0,41,33,38,"12",2022
"468",2022-12-12,1384864,1,"Monday",0.03,0,40,29,36,"12",2022
"469",2022-12-13,1437228,1,"Tuesday",0,0,42,27,32,"12",2022
"470",2022-12-14,1435020,1,"Wednesday",0,0,40,30,34,"12",2022
"471",2022-12-15,1363160,1,"Thursday",0.6,0,43,32,36,"12",2022
"472",2022-12-16,1221634,1,"Friday",0.68,0,47,38,43,"12",2022
"473",2022-12-17,884283,0,"Saturday",0,0,47,36,40,"12",2022
"474",2022-12-18,668994,0,"Sunday",0,0,41,33,37,"12",2022
"475",2022-12-19,1352455,1,"Monday",0,0,40,31,34,"12",2022
"476",2022-12-20,1398728,1,"Tuesday",0,0,40,30,35,"12",2022
"477",2022-12-21,1393290,1,"Wednesday",0,0,41,25,32,"12",2022
"478",2022-12-22,1269330,1,"Thursday",0.14,0,53,28,37,"12",2022
"479",2022-12-23,1057686,1,"Friday",0.3,0,56,9,45,"12",2022
"480",2022-12-24,497129,0,"Saturday",0,0,16,7,11,"12",2022
"481",2022-12-25,321245,0,"Sunday",0,0,28,14,20,"12",2022
"482",2022-12-26,644828,0,"Monday",0,0,29,18,23,"12",2022
"483",2022-12-27,1027687,0,"Tuesday",0,0,35,28,30,"12",2022
"484",2022-12-28,1088279,0,"Wednesday",0,0,45,27,36,"12",2022
"485",2022-12-29,1099513,0,"Thursday",0,0,46,32,39,"12",2022
"486",2022-12-30,1087122,0,"Friday",0,0,51,34,42,"12",2022
"487",2022-12-31,651474,0,"Saturday",0.27,0,51,41,46,"12",2022
"488",2023-01-01,475226,0,"Sunday",0,0,56,42,50,"1",2023
"489",2023-01-02,739507,0,"Monday",0.02,0,55,39,46,"1",2023
"490",2023-01-03,1268913,1,"Tuesday",0.36,0,50,46,48,"1",2023
"491",2023-01-04,1391449,1,"Wednesday",0.01,0,61,45,51,"1",2023
"492",2023-01-05,1378698,1,"Thursday",0.05,0,51,45,49,"1",2023
"493",2023-01-06,1319595,1,"Friday",0.25,0,47,39,44,"1",2023
"494",2023-01-07,806981,0,"Saturday",0,0,47,36,41,"1",2023
"495",2023-01-08,628612,0,"Sunday",0,0,41,32,37,"1",2023
"496",2023-01-09,1353638,1,"Monday",0.02,0,46,37,40,"1",2023
"497",2023-01-10,1412543,1,"Tuesday",0,0,41,35,39,"1",2023
"498",2023-01-11,1421914,1,"Wednesday",0,0,40,32,38,"1",2023
"499",2023-01-12,1364715,1,"Thursday",0.27,0,53,36,42,"1",2023
"500",2023-01-13,1345748,1,"Friday",0.03,0,52,38,49,"1",2023
"501",2023-01-14,785952,0,"Saturday",0,0,38,30,35,"1",2023
"502",2023-01-15,621041,0,"Sunday",0,0,39,29,33,"1",2023
"503",2023-01-16,884152,0,"Monday",0,0,48,29,36,"1",2023
"504",2023-01-17,1399573,1,"Tuesday",0,0,45,31,39,"1",2023
"505",2023-01-18,1449590,1,"Wednesday",0,0,56,37,46,"1",2023
"506",2023-01-19,1327804,1,"Thursday",0.96,0,45,37,42,"1",2023
"507",2023-01-20,1383181,1,"Friday",0,0,50,39,44,"1",2023
"508",2023-01-21,823236,0,"Saturday",0,0,43,36,40,"1",2023
"509",2023-01-22,611151,0,"Sunday",0.47,0,40,36,38,"1",2023
"510",2023-01-23,1281037,1,"Monday",0.24,0,39,35,38,"1",2023
"511",2023-01-24,1410676,1,"Tuesday",0,0,48,35,39,"1",2023
"512",2023-01-25,1342717,1,"Wednesday",0.97,0,52,31,38,"1",2023
"513",2023-01-26,1408545,1,"Thursday",0.23,0,52,40,46,"1",2023
"514",2023-01-27,1341589,1,"Friday",0,0,43,32,39,"1",2023
"515",2023-01-28,861680,0,"Saturday",0,0,53,33,41,"1",2023
"516",2023-01-29,647923,0,"Sunday",0,0,47,35,43,"1",2023
"517",2023-01-30,1371537,0,"Monday",0,0,52,36,44,"1",2023
"518",2023-01-31,1365926,1,"Tuesday",0.03,0,45,31,39,"1",2023
"519",2023-02-01,1460146,1,"Wednesday",0.02,0.2,38,26,32,"2",2023
"520",2023-02-02,1478477,1,"Thursday",0,0,39,24,32,"2",2023
"521",2023-02-03,1246821,1,"Friday",0,0,35,11,29,"2",2023
"522",2023-02-04,598818,0,"Saturday",0,0,27,4,12,"2",2023
"523",2023-02-05,650623,0,"Sunday",0,0,44,27,33,"2",2023
"524",2023-02-06,1431232,1,"Monday",0,0,53,32,42,"2",2023
"525",2023-02-07,1491417,1,"Tuesday",0.02,0,41,28,35,"2",2023
"526",2023-02-08,1513135,1,"Wednesday",0.01,0,54,34,43,"2",2023
"527",2023-02-09,1462622,1,"Thursday",0,0,50,30,42,"2",2023
"528",2023-02-10,1422781,1,"Friday",0,0,60,41,52,"2",2023
"529",2023-02-11,865782,0,"Saturday",0,0,47,35,43,"2",2023
"530",2023-02-12,659496,0,"Sunday",0.04,0,45,31,39,"2",2023
"531",2023-02-13,1381524,1,"Monday",0,0,56,38,44,"2",2023
"532",2023-02-14,1480867,1,"Tuesday",0,0,53,41,47,"2",2023
"533",2023-02-15,1499155,1,"Wednesday",0,0,55,41,47,"2",2023
"534",2023-02-16,1461093,1,"Thursday",0.08,0,64,43,51,"2",2023
"535",2023-02-17,1315466,1,"Friday",0.37,0,56,31,50,"2",2023
"536",2023-02-18,822505,0,"Saturday",0,0,42,28,34,"2",2023
"537",2023-02-19,639980,0,"Sunday",0,0,46,32,40,"2",2023
"538",2023-02-20,929439,0,"Monday",0,0,61,40,47,"2",2023
"539",2023-02-21,1273578,0,"Tuesday",0.19,0,49,36,43,"2",2023
"540",2023-02-22,1305744,0,"Wednesday",0.17,0,44,35,40,"2",2023
"541",2023-02-23,1328927,0,"Thursday",0.03,0,44,38,39,"2",2023
"542",2023-02-24,1246797,0,"Friday",0,0,48,25,42,"2",2023
"543",2023-02-25,800947,0,"Saturday",0,0,33,22,27,"2",2023
"544",2023-02-26,676041,0,"Sunday",0,0,50,23,33,"2",2023
"545",2023-02-27,1423292,1,"Monday",0.32,1,43,31,38,"2",2023
"546",2023-02-28,1349173,1,"Tuesday",0.29,0.5,38,32,34,"2",2023
"547",2023-03-01,1511792,1,"Wednesday",0.02,0,43,29,38,"3",2023
"548",2023-03-02,1493623,1,"Thursday",0,0,55,39,44,"3",2023
"549",2023-03-03,1417670,1,"Friday",0.11,0,45,32,40,"3",2023
"550",2023-03-04,870341,0,"Saturday",0.83,0,46,39,42,"3",2023
"551",2023-03-05,712408,0,"Sunday",0,0,56,36,44,"3",2023
"552",2023-03-06,1460599,1,"Monday",0,0,54,39,46,"3",2023
"553",2023-03-07,1490272,1,"Tuesday",0.08,0.3,48,32,42,"3",2023
"554",2023-03-08,1514182,1,"Wednesday",0,0,47,30,37,"3",2023
"555",2023-03-09,1515155,1,"Thursday",0,0,51,33,41,"3",2023
"556",2023-03-10,1408909,1,"Friday",0.37,0,45,33,39,"3",2023
"557",2023-03-11,821990,0,"Saturday",0.46,0,44,35,41,"3",2023
"558",2023-03-12,686039,0,"Sunday",0,0,46,32,39,"3",2023
"559",2023-03-13,1377045,1,"Monday",1.1,0,43,38,41,"3",2023
"560",2023-03-14,1360497,1,"Tuesday",0.08,0.1,39,33,37,"3",2023
"561",2023-03-15,1493605,1,"Wednesday",0,0,47,34,38,"3",2023
"562",2023-03-16,1522248,1,"Thursday",0,0,55,32,41,"3",2023
"563",2023-03-17,1408472,1,"Friday",0,0,56,39,46,"3",2023
"564",2023-03-18,921569,0,"Saturday",0.02,0,52,41,48,"3",2023
"565",2023-03-19,661736,0,"Sunday",0,0,41,30,37,"3",2023
"566",2023-03-20,1444823,1,"Monday",0,0,44,31,37,"3",2023
"567",2023-03-21,1511670,1,"Tuesday",0,0,58,32,44,"3",2023
"568",2023-03-22,1509096,1,"Wednesday",0,0,55,36,45,"3",2023
"569",2023-03-23,1466839,1,"Thursday",0.08,0,59,43,48,"3",2023
"570",2023-03-24,1420346,1,"Friday",0.01,0,57,41,50,"3",2023
"571",2023-03-25,784068,0,"Saturday",0.1,0,45,39,43,"3",2023
"572",2023-03-26,724870,0,"Sunday",0,0,62,43,50,"3",2023
"573",2023-03-27,1426226,1,"Monday",0.16,0,57,39,49,"3",2023
"574",2023-03-28,1490842,1,"Tuesday",0.02,0,52,39,45,"3",2023
"575",2023-03-29,1521968,1,"Wednesday",0,0,51,36,44,"3",2023
"576",2023-03-30,1486845,1,"Thursday",0.02,0,46,31,39,"3",2023
"577",2023-03-31,1423686,1,"Friday",0,0,53,29,41,"3",2023
"578",2023-04-01,842213,0,"Saturday",0.22,0,61,49,52,"4",2023
"579",2023-04-02,716880,0,"Sunday",0,0,52,37,49,"4",2023
"580",2023-04-03,1475017,1,"Monday",0,0,53,33,44,"4",2023
"581",2023-04-04,1519740,1,"Tuesday",0,0,64,43,52,"4",2023
"582",2023-04-05,1432322,1,"Wednesday",0,0,54,48,51,"4",2023
"583",2023-04-06,1264311,0,"Thursday",0.02,0,74,48,55,"4",2023
"584",2023-04-07,1150222,0,"Friday",0,0,58,43,56,"4",2023
"585",2023-04-08,882727,0,"Saturday",0,0,51,38,44,"4",2023
"586",2023-04-09,654259,0,"Sunday",0,0,51,38,44,"4",2023
"587",2023-04-10,1236634,0,"Monday",0,0,58,38,46,"4",2023
"588",2023-04-11,1316710,0,"Tuesday",0,0,73,45,56,"4",2023
"589",2023-04-12,1311418,0,"Wednesday",0,0,84,56,68,"4",2023
"590",2023-04-13,1311906,0,"Thursday",0,0,85,53,69,"4",2023
"591",2023-04-14,1294357,0,"Friday",0,0,82,55,68,"4",2023
"592",2023-04-15,890050,0,"Saturday",0.02,0,65,54,59,"4",2023
"593",2023-04-16,728462,0,"Sunday",0,0,66,52,59,"4",2023
"594",2023-04-17,1438043,1,"Monday",0.01,0,67,53,57,"4",2023
"595",2023-04-18,1526133,1,"Tuesday",0,0,58,45,55,"4",2023
"596",2023-04-19,1530452,1,"Wednesday",0,0,64,43,51,"4",2023
"597",2023-04-20,1520258,1,"Thursday",0,0,59,43,50,"4",2023
"598",2023-04-21,1310737,0,"Friday",0,0,66,47,54,"4",2023
"599",2023-04-22,893014,0,"Saturday",1.02,0,65,53,57,"4",2023
"600",2023-04-23,673668,0,"Sunday",1.26,0,69,51,59,"4",2023
"601",2023-04-24,1466762,1,"Monday",0,0,59,44,53,"4",2023
"602",2023-04-25,1529162,1,"Tuesday",0,0,58,45,52,"4",2023
"603",2023-04-26,1531476,1,"Wednesday",0,0,56,42,50,"4",2023
"604",2023-04-27,1506783,1,"Thursday",0,0,57,48,52,"4",2023
"605",2023-04-28,1424078,1,"Friday",0.37,0,54,46,50,"4",2023
"606",2023-04-29,715608,0,"Saturday",1.75,0,52,48,50,"4",2023
"607",2023-04-30,578075,0,"Sunday",1.36,0,59,50,54,"4",2023
"608",2023-05-01,1465598,1,"Monday",0.03,0,62,49,56,"5",2023
"609",2023-05-02,1498566,1,"Tuesday",0.1,0,57,46,52,"5",2023
"610",2023-05-03,1533714,1,"Wednesday",0.01,0,56,47,51,"5",2023
"611",2023-05-04,1497427,1,"Thursday",0.16,0,56,47,50,"5",2023
"612",2023-05-05,1450598,1,"Friday",0,0,61,44,52,"5",2023
"613",2023-05-06,934630,0,"Saturday",0,0,72,48,58,"5",2023
"614",2023-05-07,705419,0,"Sunday",0,0,73,53,61,"5",2023
"615",2023-05-08,1460932,1,"Monday",0,0,78,57,66,"5",2023
"616",2023-05-09,1524892,1,"Tuesday",0,0,63,50,60,"5",2023
"617",2023-05-10,1528140,1,"Wednesday",0,0,66,44,55,"5",2023
"618",2023-05-11,1535264,1,"Thursday",0,0,75,51,62,"5",2023
"619",2023-05-12,1436385,1,"Friday",0,0,83,56,68,"5",2023
"620",2023-05-13,918257,0,"Saturday",0,0,80,64,71,"5",2023
"621",2023-05-14,690606,0,"Sunday",0,0,69,56,65,"5",2023
"622",2023-05-15,1440741,1,"Monday",0,0,72,51,62,"5",2023
"623",2023-05-16,1519397,1,"Tuesday",0,0,78,56,67,"5",2023
"624",2023-05-17,1518546,1,"Wednesday",0,0,68,49,64,"5",2023
"625",2023-05-18,1492657,1,"Thursday",0,0,57,42,52,"5",2023
"626",2023-05-19,1431269,1,"Friday",0,0,66,51,57,"5",2023
"627",2023-05-20,760830,0,"Saturday",1.65,0,63,57,60,"5",2023
"628",2023-05-21,727850,0,"Sunday",0,0,72,56,63,"5",2023
"629",2023-05-22,1446015,1,"Monday",0,0,74,54,65,"5",2023
"630",2023-05-23,1500973,1,"Tuesday",0,0,65,52,58,"5",2023
"631",2023-05-24,1499943,1,"Wednesday",0.01,0,69,49,58,"5",2023
"632",2023-05-25,1459601,1,"Thursday",0,0,68,49,59,"5",2023
"633",2023-05-26,1370252,1,"Friday",0,0,73,51,62,"5",2023
"634",2023-05-27,848442,0,"Saturday",0,0,73,50,63,"5",2023
"635",2023-05-28,707787,0,"Sunday",0,0,71,55,63,"5",2023
"636",2023-05-29,758893,0,"Monday",0,0,75,56,65,"5",2023
"637",2023-05-30,1438285,1,"Tuesday",0,0,66,50,59,"5",2023
"638",2023-05-31,1480801,1,"Wednesday",0,0,70,48,58,"5",2023
"639",2023-06-01,1457503,1,"Thursday",0,0,76,57,66,"6",2023
"640",2023-06-02,1399462,1,"Friday",0.02,0,79,60,68,"6",2023
"641",2023-06-03,899212,0,"Saturday",0,0,70,54,65,"6",2023
"642",2023-06-04,714218,0,"Sunday",0,0,70,49,58,"6",2023
"643",2023-06-05,1432156,1,"Monday",0,0,77,50,63,"6",2023
"644",2023-06-06,1474317,1,"Tuesday",0.03,0,77,59,67,"6",2023
"645",2023-06-07,1390834,1,"Wednesday",0,0,72,56,65,"6",2023
"646",2023-06-08,1216291,0,"Thursday",0,0,71,51,62,"6",2023
"647",2023-06-09,1256670,0,"Friday",0.06,0,72,58,64,"6",2023
"648",2023-06-10,892936,0,"Saturday",0.03,0,80,56,65,"6",2023
"649",2023-06-11,695200,0,"Sunday",0.02,0,76,62,68,"6",2023
"650",2023-06-12,1394575,1,"Monday",0.18,0,76,65,69,"6",2023
"651",2023-06-13,1500122,1,"Tuesday",0,0,80,64,70,"6",2023
"652",2023-06-14,1434687,1,"Wednesday",0.24,0,72,61,67,"6",2023
"653",2023-06-15,1475300,1,"Thursday",0,0,80,61,69,"6",2023
"654",2023-06-16,1300751,1,"Friday",0.2,0,78,61,69,"6",2023
"655",2023-06-17,872453,0,"Saturday",0,0,81,60,68,"6",2023
"656",2023-06-18,707615,0,"Sunday",0,0,82,64,71,"6",2023
"657",2023-06-19,1075747,0,"Monday",0,0,77,63,69,"6",2023
"658",2023-06-20,1434258,1,"Tuesday",0,0,75,61,67,"6",2023
"659",2023-06-21,1430476,1,"Wednesday",0,0,72,60,65,"6",2023
"660",2023-06-22,1367709,1,"Thursday",0,0,73,58,65,"6",2023
"661",2023-06-23,1282954,1,"Friday",0,0,70,63,66,"6",2023
"662",2023-06-24,844674,0,"Saturday",0.03,0,76,66,69,"6",2023
"663",2023-06-25,689020,0,"Sunday",0,0,83,65,72,"6",2023
"664",2023-06-26,1314743,1,"Monday",0.01,0,81,68,72,"6",2023
"665",2023-06-27,1391914,0,"Tuesday",0.02,0,78,66,71,"6",2023
"666",2023-06-28,1305832,0,"Wednesday",0.17,0,83,67,72,"6",2023
"667",2023-06-29,1307649,0,"Thursday",0,0,82,65,73,"6",2023
"668",2023-06-30,1248822,0,"Friday",0,0,83,67,73,"6",2023
"669",2023-07-01,859295,0,"Saturday",0,0,80,65,72,"7",2023
"670",2023-07-02,668297,0,"Sunday",0.47,0,84,69,74,"7",2023
"671",2023-07-03,1117930,0,"Monday",0.18,0,87,73,78,"7",2023
"672",2023-07-04,631937,0,"Tuesday",0.14,0,82,72,76,"7",2023
"673",2023-07-05,1296583,0,"Wednesday",0,0,88,70,78,"7",2023
"674",2023-07-06,1333630,0,"Thursday",0,0,84,71,77,"7",2023
"675",2023-07-07,1273900,0,"Friday",0,0,84,74,78,"7",2023
"676",2023-07-08,867047,0,"Saturday",0,0,84,73,78,"7",2023
"677",2023-07-09,651953,0,"Sunday",0.53,0,81,74,77,"7",2023
"678",2023-07-10,1307297,0,"Monday",0,0,87,71,78,"7",2023
"679",2023-07-11,1381701,0,"Tuesday",0,0,86,70,79,"7",2023
"680",2023-07-12,1383484,0,"Wednesday",0,0,90,72,81,"7",2023
"681",2023-07-13,1359302,0,"Thursday",0,0,85,72,79,"7",2023
"682",2023-07-14,1231624,0,"Friday",0.12,0,84,71,77,"7",2023
"683",2023-07-15,889709,0,"Saturday",0,0,86,72,78,"7",2023
"684",2023-07-16,583645,0,"Sunday",0.45,0,81,74,77,"7",2023
"685",2023-07-17,1310810,0,"Monday",0,0,88,74,78,"7",2023
"686",2023-07-18,1313665,0,"Tuesday",1.39,0,83,70,77,"7",2023
"687",2023-07-19,1342781,0,"Wednesday",0.12,0,78,70,74,"7",2023
"688",2023-07-20,1333607,0,"Thursday",0,0,84,70,76,"7",2023
"689",2023-07-21,1211839,0,"Friday",0.04,0,83,73,77,"7",2023
"690",2023-07-22,894490,0,"Saturday",0,0,86,70,78,"7",2023
"691",2023-07-23,723774,0,"Sunday",0,0,86,68,77,"7",2023
"692",2023-07-24,1302964,0,"Monday",0,0,83,71,77,"7",2023
"693",2023-07-25,1307716,0,"Tuesday",0.24,0,84,69,76,"7",2023
"694",2023-07-26,1382345,0,"Wednesday",0,0,84,68,75,"7",2023
"695",2023-07-27,1313385,0,"Thursday",0.02,0,92,73,80,"7",2023
"696",2023-07-28,1246295,0,"Friday",0.04,0,91,76,83,"7",2023
"697",2023-07-29,856921,0,"Saturday",0.64,0,90,70,81,"7",2023
"698",2023-07-30,705279,0,"Sunday",0,0,81,66,74,"7",2023
"699",2023-07-31,1283835,0,"Monday",0,0,83,64,74,"7",2023
"700",2023-08-01,1357252,0,"Tuesday",0,0,81,66,73,"8",2023
"701",2023-08-02,1359233,0,"Wednesday",0,0,78,62,71,"8",2023
"702",2023-08-03,1350472,0,"Thursday",0,0,78,63,71,"8",2023
"703",2023-08-04,1241122,0,"Friday",0,0,76,70,72,"8",2023
"704",2023-08-05,879423,0,"Saturday",0,0,84,69,76,"8",2023
"705",2023-08-06,715130,0,"Sunday",0,0,81,67,76,"8",2023
"706",2023-08-07,1208443,0,"Monday",0.83,0,79,68,74,"8",2023
"707",2023-08-08,1339073,0,"Tuesday",0.03,0,82,71,74,"8",2023
"708",2023-08-09,1369095,0,"Wednesday",0,0,87,69,77,"8",2023
"709",2023-08-10,1262073,0,"Thursday",0.66,0,78,69,74,"8",2023
"710",2023-08-11,1275618,0,"Friday",0,0,86,67,74,"8",2023
"711",2023-08-12,844749,0,"Saturday",0.15,0,81,66,75,"8",2023
"712",2023-08-13,690541,0,"Sunday",0.63,0,89,68,77,"8",2023
"713",2023-08-14,1246445,0,"Monday",0,0,83,69,77,"8",2023
"714",2023-08-15,1273782,0,"Tuesday",0.33,0,81,71,76,"8",2023
"715",2023-08-16,1300953,0,"Wednesday",0.4,0,81,69,74,"8",2023
"716",2023-08-17,1275993,0,"Thursday",0,0,76,71,73,"8",2023
"717",2023-08-18,1208502,0,"Friday",0.31,0,83,68,75,"8",2023
"718",2023-08-19,856814,0,"Saturday",0,0,79,63,71,"8",2023
"719",2023-08-20,689829,0,"Sunday",0,0,82,63,74,"8",2023
"720",2023-08-21,1199440,0,"Monday",0,0,88,70,78,"8",2023
"721",2023-08-22,1263459,0,"Tuesday",0,0,79,66,75,"8",2023
"722",2023-08-23,1272485,0,"Wednesday",0,0,77,63,70,"8",2023
"723",2023-08-24,1201155,0,"Thursday",0.02,0,73,68,70,"8",2023
"724",2023-08-25,1143010,0,"Friday",0.41,0,77,70,72,"8",2023
"725",2023-08-26,844428,0,"Saturday",0.11,0,86,69,75,"8",2023
"726",2023-08-27,702984,0,"Sunday",0,0,83,68,74,"8",2023
"727",2023-08-28,1240688,0,"Monday",0,0,74,67,71,"8",2023
"728",2023-08-29,1284953,0,"Tuesday",0,0,81,67,72,"8",2023
"729",2023-08-30,1267435,0,"Wednesday",0.13,0,85,68,75,"8",2023
"730",2023-08-31,1315113,0,"Thursday",0,0,77,63,71,"8",2023
"731",2023-09-01,1225370,0,"Friday",0,0,76,59,67,"9",2023
"732",2023-09-02,842591,0,"Saturday",0,0,75,60,67,"9",2023
"733",2023-09-03,692079,0,"Sunday",0,0,90,65,74,"9",2023
"734",2023-09-04,686326,0,"Monday",0,0,89,70,79,"9",2023
"735",2023-09-05,1349438,0,"Tuesday",0,0,93,74,82,"9",2023
"736",2023-09-06,1395521,0,"Wednesday",0,0,93,74,82,"9",2023
"737",2023-09-07,1441437,0,"Thursday",0,0,92,73,81,"9",2023
"738",2023-09-08,1365283,1,"Friday",0.01,0,86,73,78,"9",2023
"739",2023-09-09,840378,0,"Saturday",0,0,84,73,78,"9",2023
"740",2023-09-10,626222,0,"Sunday",1.11,0,80,69,74,"9",2023
"741",2023-09-11,1400268,1,"Monday",0.4,0,82,70,75,"9",2023
"742",2023-09-12,1519571,1,"Tuesday",0,0,81,69,73,"9",2023
"743",2023-09-13,1482320,1,"Wednesday",0.02,0,79,70,75,"9",2023
"744",2023-09-14,1517040,1,"Thursday",0,0,80,63,72,"9",2023
"745",2023-09-15,1398937,1,"Friday",0,0,71,58,64,"9",2023
"746",2023-09-16,881354,0,"Saturday",0,0,78,61,67,"9",2023
"747",2023-09-17,666392,0,"Sunday",0,0,73,56,68,"9",2023
"748",2023-09-18,1294777,1,"Monday",0.7,0,71,62,67,"9",2023
"749",2023-09-19,1480863,1,"Tuesday",0,0,76,59,66,"9",2023
"750",2023-09-20,1478618,1,"Wednesday",0,0,76,56,67,"9",2023
"751",2023-09-21,1478606,1,"Thursday",0,0,74,57,66,"9",2023
"752",2023-09-22,1403811,1,"Friday",0,0,73,57,64,"9",2023
"753",2023-09-23,682092,0,"Saturday",0.96,0,63,58,61,"9",2023
"754",2023-09-24,562224,0,"Sunday",0.56,0,65,62,63,"9",2023
"755",2023-09-25,1035021,0,"Monday",0.35,0,62,57,61,"9",2023
"756",2023-09-26,1393963,1,"Tuesday",0.01,0,61,53,59,"9",2023
"757",2023-09-27,1463309,1,"Wednesday",0,0,67,51,58,"9",2023
"758",2023-09-28,1433729,1,"Thursday",0.62,0,67,54,59,"9",2023
"759",2023-09-29,1053306,1,"Friday",8.05,0,61,57,59,"9",2023
"760",2023-09-30,789587,0,"Saturday",0.22,0,68,56,60,"9",2023
"761",2023-10-01,669243,0,"Sunday",0,0,77,59,66,"10",2023
"762",2023-10-02,1390842,1,"Monday",0,0,78,61,69,"10",2023
"763",2023-10-03,1471939,1,"Tuesday",0,0,75,56,65,"10",2023
"764",2023-10-04,1467384,1,"Wednesday",0,0,78,61,69,"10",2023
"765",2023-10-05,1457151,1,"Thursday",0,0,74,57,66,"10",2023
"766",2023-10-06,1325428,1,"Friday",0,0,72,64,67,"10",2023
"767",2023-10-07,720734,0,"Saturday",1.88,0,67,54,65,"10",2023
"768",2023-10-08,654443,0,"Sunday",0,0,61,50,56,"10",2023
"769",2023-10-09,1023375,0,"Monday",0,0,62,49,55,"10",2023
"770",2023-10-10,1423532,1,"Tuesday",0,0,64,51,57,"10",2023
"771",2023-10-11,1451764,1,"Wednesday",0,0,69,51,60,"10",2023
"772",2023-10-12,1436967,1,"Thursday",0,0,68,51,60,"10",2023
"773",2023-10-13,1322576,1,"Friday",0,0,65,50,58,"10",2023
"774",2023-10-14,717223,0,"Saturday",0.8,0,55,50,53,"10",2023
"775",2023-10-15,689581,0,"Sunday",0.01,0,62,50,54,"10",2023
"776",2023-10-16,1381665,1,"Monday",0,0,66,47,55,"10",2023
"777",2023-10-17,1439468,1,"Tuesday",0,0,65,49,56,"10",2023
"778",2023-10-18,1440292,1,"Wednesday",0,0,65,50,58,"10",2023
"779",2023-10-19,1440111,1,"Thursday",0,0,64,50,57,"10",2023
"780",2023-10-20,1232782,1,"Friday",0.67,0,64,60,61,"10",2023
"781",2023-10-21,793917,0,"Saturday",0.12,0,66,57,61,"10",2023
"782",2023-10-22,678536,0,"Sunday",0,0,61,47,56,"10",2023
"783",2023-10-23,1375311,1,"Monday",0,0,62,44,53,"10",2023
"784",2023-10-24,1431006,1,"Tuesday",0,0,63,43,53,"10",2023
"785",2023-10-25,1443766,1,"Wednesday",0,0,70,49,58,"10",2023
"786",2023-10-26,1431016,1,"Thursday",0,0,74,52,61,"10",2023
"787",2023-10-27,1348576,1,"Friday",0,0,71,55,62,"10",2023
"788",2023-10-28,874941,0,"Saturday",0,0,81,58,68,"10",2023
"789",2023-10-29,589929,0,"Sunday",0.17,0,64,52,59,"10",2023
"790",2023-10-30,1314380,1,"Monday",0.4,0,62,50,57,"10",2023
"791",2023-10-31,1334020,1,"Tuesday",0,0,53,45,50,"10",2023
"792",2023-11-01,1369637,1,"Wednesday",0.02,0,50,38,46,"11",2023
"793",2023-11-02,1380510,1,"Thursday",0,0,50,34,42,"11",2023
"794",2023-11-03,1307247,1,"Friday",0,0,55,39,47,"11",2023
"795",2023-11-04,832986,0,"Saturday",0,0,58,44,51,"11",2023
"796",2023-11-05,614666,0,"Sunday",0,0,65,43,54,"11",2023
"797",2023-11-06,1349481,1,"Monday",0,0,56,43,50,"11",2023
"798",2023-11-07,1270763,0,"Tuesday",0.01,0,63,53,57,"11",2023
"799",2023-11-08,1401268,1,"Wednesday",0,0,53,40,50,"11",2023
"800",2023-11-09,1376822,1,"Thursday",0,0,59,38,49,"11",2023
"801",2023-11-10,1250528,1,"Friday",0,0,53,42,50,"11",2023
"802",2023-11-11,817146,0,"Saturday",0,0,56,39,47,"11",2023
"803",2023-11-12,642431,0,"Sunday",0,0,46,35,41,"11",2023
"804",2023-11-13,1320693,1,"Monday",0,0,48,31,39,"11",2023
"805",2023-11-14,1382768,1,"Tuesday",0,0,55,39,47,"11",2023
"806",2023-11-15,1389217,1,"Wednesday",0,0,50,34,44,"11",2023
"807",2023-11-16,1391273,1,"Thursday",0,0,62,41,51,"11",2023
"808",2023-11-17,1303240,1,"Friday",0,0,63,43,54,"11",2023
"809",2023-11-18,831053,0,"Saturday",0,0,59,40,54,"11",2023
"810",2023-11-19,657965,0,"Sunday",0,0,55,38,46,"11",2023
"811",2023-11-20,1300978,1,"Monday",0,0,46,34,42,"11",2023
"812",2023-11-21,1254277,1,"Tuesday",0.46,0,48,32,39,"11",2023
"813",2023-11-22,1160847,1,"Wednesday",0.74,0,59,48,52,"11",2023
"814",2023-11-23,471662,0,"Thursday",0,0,53,45,49,"11",2023
"815",2023-11-24,807221,0,"Friday",0,0,52,32,47,"11",2023
"816",2023-11-25,696466,0,"Saturday",0,0,41,27,35,"11",2023
"817",2023-11-26,566395,0,"Sunday",0.34,0,55,29,38,"11",2023
"818",2023-11-27,1253990,1,"Monday",0.02,0,55,37,49,"11",2023
"819",2023-11-28,1279327,1,"Tuesday",0,0,41,31,37,"11",2023
"820",2023-11-29,1268990,1,"Wednesday",0,0,36,26,32,"11",2023
"821",2023-11-30,1340370,1,"Thursday",0,0,49,32,39,"11",2023
"822",2023-12-01,1226677,1,"Friday",0.55,0,48,35,44,"12",2023
"823",2023-12-02,826725,0,"Saturday",0,0,52,45,47,"12",2023
"824",2023-12-03,553618,0,"Sunday",0.74,0,50,44,48,"12",2023
"825",2023-12-04,1312507,1,"Monday",0,0,52,42,47,"12",2023
"826",2023-12-05,1346216,1,"Tuesday",0,0,44,37,42,"12",2023
"827",2023-12-06,1350594,1,"Wednesday",0,0,42,33,38,"12",2023
"828",2023-12-07,1314833,1,"Thursday",0,0,39,31,35,"12",2023
"829",2023-12-08,1261796,1,"Friday",0,0,48,30,39,"12",2023
"830",2023-12-09,828894,0,"Saturday",0,0,55,35,46,"12",2023
"831",2023-12-10,539117,0,"Sunday",2.38,0,57,43,51,"12",2023
"832",2023-12-11,1213923,1,"Monday",0.59,0,53,36,45,"12",2023
"833",2023-12-12,1309303,1,"Tuesday",0,0,43,33,39,"12",2023
"834",2023-12-13,1314167,1,"Wednesday",0,0,46,36,41,"12",2023
"835",2023-12-14,1296909,1,"Thursday",0,0,47,31,36,"12",2023
"836",2023-12-15,1246465,1,"Friday",0,0,56,34,43,"12",2023
"837",2023-12-16,814457,0,"Saturday",0,0,55,38,47,"12",2023
"838",2023-12-17,569005,0,"Sunday",0.12,0,56,47,49,"12",2023
"839",2023-12-18,1082334,1,"Monday",1.47,0,59,42,54,"12",2023
"840",2023-12-19,1275002,1,"Tuesday",0,0,44,32,41,"12",2023
"841",2023-12-20,1245547,1,"Wednesday",0,0,44,29,35,"12",2023
"842",2023-12-21,1200899,1,"Thursday",0,0,42,29,37,"12",2023
"843",2023-12-22,1110555,1,"Friday",0,0,40,25,31,"12",2023
"844",2023-12-23,708808,0,"Saturday",0,0,43,28,35,"12",2023
"845",2023-12-24,549448,0,"Sunday",0.02,0,48,40,42,"12",2023
"846",2023-12-25,381879,0,"Monday",0,0,49,39,44,"12",2023
"847",2023-12-26,906670,0,"Tuesday",0,0,45,39,43,"12",2023
"848",2023-12-27,955890,0,"Wednesday",0.19,0,49,40,43,"12",2023
"849",2023-12-28,969231,0,"Thursday",1.55,0,54,47,50,"12",2023
"850",2023-12-29,1007697,0,"Friday",0.02,0,53,45,49,"12",2023
"851",2023-12-30,720564,0,"Saturday",0,0,47,38,44,"12",2023
"852",2023-12-31,548344,0,"Sunday",0,0,43,38,41,"12",2023
"853",2024-01-01,455965,0,"Monday",0,0,47,35,42,"1",2024
"854",2024-01-02,1091104,1,"Tuesday",0,0,42,28,36,"1",2024
"855",2024-01-03,1212761,1,"Wednesday",0,0,45,33,39,"1",2024
"856",2024-01-04,1242971,1,"Thursday",0,0,46,28,40,"1",2024
"857",2024-01-05,1185046,1,"Friday",0,0,38,26,31,"1",2024
"858",2024-01-06,684686,0,"Saturday",0.54,0.1,39,27,33,"1",2024
"859",2024-01-07,502518,0,"Sunday",0.28,0,39,35,37,"1",2024
"860",2024-01-08,1226783,1,"Monday",0,0,45,32,39,"1",2024
"861",2024-01-09,1135694,1,"Tuesday",1.59,0,54,28,37,"1",2024
"862",2024-01-10,1248493,1,"Wednesday",0.28,0,54,43,50,"1",2024
"863",2024-01-11,1293940,1,"Thursday",0,0,46,39,44,"1",2024
"864",2024-01-12,1228696,1,"Friday",0.06,0,48,34,42,"1",2024
"865",2024-01-13,755670,0,"Saturday",1.13,0,56,35,49,"1",2024
"866",2024-01-14,588809,0,"Sunday",0,0,44,26,37,"1",2024
"867",2024-01-15,783032,0,"Monday",0.06,0.7,29,23,27,"1",2024
"868",2024-01-16,1078860,1,"Tuesday",0.36,1.3,32,22,28,"1",2024
"869",2024-01-17,1193111,1,"Wednesday",0,0,24,18,22,"1",2024
"870",2024-01-18,1235693,1,"Thursday",0,0,33,22,26,"1",2024
"871",2024-01-19,1109408,1,"Friday",0.01,0.3,33,25,30,"1",2024
"872",2024-01-20,677335,0,"Saturday",0,0,26,18,23,"1",2024
"873",2024-01-21,548497,0,"Sunday",0,0,32,19,23,"1",2024
"874",2024-01-22,1210644,1,"Monday",0,0,36,22,28,"1",2024
"875",2024-01-23,1264199,1,"Tuesday",0.01,0,40,32,36,"1",2024
"876",2024-01-24,1247798,1,"Wednesday",0.09,0,45,36,39,"1",2024
"877",2024-01-25,1256481,1,"Thursday",0.27,0,55,43,47,"1",2024
"878",2024-01-26,1193175,1,"Friday",0.21,0,46,41,45,"1",2024
"879",2024-01-27,801262,0,"Saturday",0,0,48,41,43,"1",2024
"880",2024-01-28,535857,0,"Sunday",0.92,0,41,37,40,"1",2024
"881",2024-01-29,1211703,1,"Monday",0.03,0,40,35,37,"1",2024
"882",2024-01-30,1284597,1,"Tuesday",0,0,38,34,36,"1",2024
"883",2024-01-31,1325692,1,"Wednesday",0,0,39,34,36,"1",2024
"884",2024-02-01,1337508,1,"Thursday",0,0,44,32,38,"2",2024
"885",2024-02-02,1239617,1,"Friday",0.19,0,42,37,41,"2",2024
"886",2024-02-03,808103,0,"Saturday",0,0,43,32,37,"2",2024
"887",2024-02-04,626299,0,"Sunday",0,0,46,30,37,"2",2024
"888",2024-02-05,1297578,1,"Monday",0,0,45,30,37,"2",2024
"889",2024-02-06,1346868,1,"Tuesday",0,0,42,27,34,"2",2024
"890",2024-02-07,1341486,1,"Wednesday",0,0,48,29,37,"2",2024
"891",2024-02-08,1350925,1,"Thursday",0,0,48,32,40,"2",2024
"892",2024-02-09,1268268,1,"Friday",0,0,49,38,43,"2",2024
"893",2024-02-10,795892,0,"Saturday",0,0,55,36,44,"2",2024
"894",2024-02-11,628400,0,"Sunday",0,0,51,43,48,"2",2024
"895",2024-02-12,1254403,1,"Monday",0,0,46,36,42,"2",2024
"896",2024-02-13,724893,1,"Tuesday",0.65,4.2,39,32,36,"2",2024
"897",2024-02-14,1282121,1,"Wednesday",0,0,38,28,34,"2",2024
"898",2024-02-15,1305830,1,"Thursday",0,0,36,26,31,"2",2024
"899",2024-02-16,1225865,1,"Friday",0,0,43,34,38,"2",2024
"900",2024-02-17,680638,0,"Saturday",0.33,6.2,36,26,33,"2",2024
"901",2024-02-18,604537,0,"Sunday",0,0,40,25,30,"2",2024
"902",2024-02-19,842548,0,"Monday",0,0,41,29,36,"2",2024
"903",2024-02-20,1201850,0,"Tuesday",0,0,36,25,31,"2",2024
"904",2024-02-21,1222440,0,"Wednesday",0,0,39,24,32,"2",2024
"905",2024-02-22,1212903,0,"Thursday",0.05,0,41,33,37,"2",2024
"906",2024-02-23,1126271,0,"Friday",0.05,0,48,40,43,"2",2024
"907",2024-02-24,788962,0,"Saturday",0,0,45,28,42,"2",2024
"908",2024-02-25,608010,0,"Sunday",0,0,36,21,30,"2",2024
"909",2024-02-26,1275320,1,"Monday",0,0,48,32,38,"2",2024
"910",2024-02-27,1332209,1,"Tuesday",0.33,0,52,34,43,"2",2024
"911",2024-02-28,1290829,1,"Wednesday",0.08,0,56,44,48,"2",2024
"912",2024-02-29,1334777,1,"Thursday",0,0,44,31,39,"2",2024
"913",2024-03-01,1276428,1,"Friday",0,0,41,28,35,"3",2024
"914",2024-03-02,689029,0,"Saturday",1.45,0,53,41,44,"3",2024
"915",2024-03-03,686787,0,"Sunday",0,0,68,47,53,"3",2024
"916",2024-03-04,1319592,1,"Monday",0,0,55,42,50,"3",2024
"917",2024-03-05,1263377,1,"Tuesday",0.42,0,48,42,44,"3",2024
"918",2024-03-06,1273337,1,"Wednesday",1.88,0,51,45,46,"3",2024
"919",2024-03-07,1334827,1,"Thursday",0.15,0,55,44,50,"3",2024
"920",2024-03-08,1291469,1,"Friday",0,0,66,39,45,"3",2024
"921",2024-03-09,747405,0,"Saturday",1.7,0,49,40,42,"3",2024
"922",2024-03-10,630566,0,"Sunday",0.03,0,53,37,46,"3",2024
"923",2024-03-11,1270081,1,"Monday",0,0,53,35,43,"3",2024
"924",2024-03-12,1370319,1,"Tuesday",0,0,67,41,52,"3",2024
"925",2024-03-13,1377062,1,"Wednesday",0,0,57,41,51,"3",2024
"926",2024-03-14,1368263,1,"Thursday",0,0,66,41,50,"3",2024
"927",2024-03-15,1275542,1,"Friday",0,0,72,49,58,"3",2024
"928",2024-03-16,838318,0,"Saturday",0,0,55,43,51,"3",2024
"929",2024-03-17,625861,0,"Sunday",0,0,63,47,53,"3",2024
"930",2024-03-18,1296423,1,"Monday",0,0,53,38,49,"3",2024
"931",2024-03-19,1336910,1,"Tuesday",0,0,48,35,41,"3",2024
"932",2024-03-20,1334002,1,"Wednesday",0.03,0,53,34,45,"3",2024
"933",2024-03-21,1317112,1,"Thursday",0,0,44,30,37,"3",2024
"934",2024-03-22,1251225,1,"Friday",0,0,41,28,34,"3",2024
"935",2024-03-23,587004,0,"Saturday",3.13,0,52,35,45,"3",2024
"936",2024-03-24,653413,0,"Sunday",0,0,46,31,38,"3",2024
"937",2024-03-25,1281676,1,"Monday",0,0,52,34,41,"3",2024
"938",2024-03-26,1355991,1,"Tuesday",0,0,49,38,43,"3",2024
"939",2024-03-27,1342695,1,"Wednesday",0.11,0,50,40,44,"3",2024
"940",2024-03-28,1223847,1,"Thursday",0.96,0,49,44,47,"3",2024
"941",2024-03-29,1096254,0,"Friday",0,0,57,42,47,"3",2024
"942",2024-03-30,801723,0,"Saturday",0.02,0,61,41,48,"3",2024
"943",2024-03-31,606411,0,"Sunday",0,0,62,45,54,"3",2024
"944",2024-04-01,1168598,0,"Monday",0.01,0,53,44,51,"4",2024
"945",2024-04-02,1247638,1,"Tuesday",1.02,0,48,42,46,"4",2024
"946",2024-04-03,1162660,1,"Wednesday",1.22,0,45,41,43,"4",2024
"947",2024-04-04,1339531,1,"Thursday",0.21,0,52,37,43,"4",2024
"948",2024-04-05,1263607,1,"Friday",0,0,50,38,44,"4",2024
"949",2024-04-06,822825,0,"Saturday",0,0,55,42,46,"4",2024
"950",2024-04-07,651153,0,"Sunday",0,0,58,41,48,"4",2024
"951",2024-04-08,1258402,1,"Monday",0,0,63,40,49,"4",2024
"952",2024-04-09,1366571,1,"Tuesday",0,0,69,45,56,"4",2024
"953",2024-04-10,1245909,1,"Wednesday",0,0,69,50,54,"4",2024
"954",2024-04-11,1315916,1,"Thursday",0.05,0,59,50,53,"4",2024
"955",2024-04-12,1240823,1,"Friday",0.2,0,63,53,56,"4",2024
"956",2024-04-13,824356,0,"Saturday",0,0,55,47,53,"4",2024
"957",2024-04-14,664358,0,"Sunday",0.01,0,65,43,54,"4",2024
"958",2024-04-15,1319005,1,"Monday",0,0,77,52,62,"4",2024
"959",2024-04-16,1370151,1,"Tuesday",0,0,72,50,61,"4",2024
"960",2024-04-17,1347870,1,"Wednesday",0.06,0,57,46,53,"4",2024
"961",2024-04-18,1303010,1,"Thursday",0.12,0,49,45,48,"4",2024
"962",2024-04-19,1278086,1,"Friday",0,0,55,44,48,"4",2024
"963",2024-04-20,830016,0,"Saturday",0.17,0,67,47,53,"4",2024
"964",2024-04-21,651681,0,"Sunday",0,0,53,41,49,"4",2024
"965",2024-04-22,1146285,0,"Monday",0,0,62,42,51,"4",2024
"966",2024-04-23,1176798,0,"Tuesday",0,0,57,41,50,"4",2024
"967",2024-04-24,1180243,0,"Wednesday",0.02,0,68,49,55,"4",2024
"968",2024-04-25,1191480,0,"Thursday",0,0,53,42,50,"4",2024
"969",2024-04-26,1143792,0,"Friday",0,0,55,37,47,"4",2024
"970",2024-04-27,801494,0,"Saturday",0,0,56,42,49,"4",2024
"971",2024-04-28,649572,0,"Sunday",0.03,0,68,50,56,"4",2024
"972",2024-04-29,1161990,0,"Monday",0,0,82,58,67,"4",2024
"973",2024-04-30,1193514,0,"Tuesday",0,0,67,52,60,"4",2024
"974",2024-05-01,1350660,1,"Wednesday",0,0,71,51,58,"5",2024
"975",2024-05-02,1349838,1,"Thursday",0,0,66,50,56,"5",2024
"976",2024-05-03,1285012,1,"Friday",0,0,63,49,58,"5",2024
"977",2024-05-04,849249,0,"Saturday",0,0,61,48,53,"5",2024
"978",2024-05-05,578132,0,"Sunday",0.22,0,54,49,51,"5",2024
"979",2024-05-06,1295794,1,"Monday",0.05,0,71,54,59,"5",2024
"980",2024-05-07,1375535,1,"Tuesday",0,0,77,57,65,"5",2024
"981",2024-05-08,1350511,1,"Wednesday",0.06,0,80,58,65,"5",2024
"982",2024-05-09,1354139,1,"Thursday",0,0,71,54,68,"5",2024
"983",2024-05-10,1212090,1,"Friday",0.29,0,55,49,53,"5",2024
"984",2024-05-11,845713,0,"Saturday",0,0,60,47,52,"5",2024
"985",2024-05-12,559614,0,"Sunday",0.05,0,55,49,51,"5",2024
"986",2024-05-13,1264180,1,"Monday",0,0,64,48,54,"5",2024
"987",2024-05-14,1343633,1,"Tuesday",0.01,0,67,53,59,"5",2024
"988",2024-05-15,1288427,1,"Wednesday",0.26,0,66,58,60,"5",2024
"989",2024-05-16,1306481,1,"Thursday",0.07,0,68,59,62,"5",2024
"990",2024-05-17,1270674,1,"Friday",0,0,73,58,65,"5",2024
"991",2024-05-18,792454,0,"Saturday",0.03,0,71,59,63,"5",2024
"992",2024-05-19,657256,0,"Sunday",0,0,74,53,63,"5",2024
"993",2024-05-20,1291703,1,"Monday",0,0,68,53,60,"5",2024
"994",2024-05-21,1349876,1,"Tuesday",0,0,72,56,63,"5",2024
"995",2024-05-22,1357841,1,"Wednesday",0,0,76,60,67,"5",2024
"996",2024-05-23,1275297,1,"Thursday",0.55,0,79,62,68,"5",2024
"997",2024-05-24,1243655,1,"Friday",0,0,85,59,73,"5",2024
"998",2024-05-25,805680,0,"Saturday",0,0,77,60,69,"5",2024
"999",2024-05-26,652393,0,"Sunday",0,0,76,63,67,"5",2024
"1000",2024-05-27,594031,0,"Monday",0.58,0,76,65,68,"5",2024
"1001",2024-05-28,1300611,1,"Tuesday",0,0,82,63,72,"5",2024
"1002",2024-05-29,1309889,1,"Wednesday",0.31,0,76,62,70,"5",2024
"1003",2024-05-30,1301028,1,"Thursday",0.14,0,73,58,65,"5",2024
"1004",2024-05-31,1257526,1,"Friday",0,0,78,60,68,"5",2024
"1005",2024-06-01,848601,0,"Saturday",0,0,82,62,72,"6",2024
"1006",2024-06-02,651637,0,"Sunday",0,0,79,62,71,"6",2024
"1007",2024-06-03,1294956,1,"Monday",0.02,0,84,66,74,"6",2024
"1008",2024-06-04,1327963,1,"Tuesday",0,0,78,64,70,"6",2024
"1009",2024-06-05,1338427,1,"Wednesday",0.04,0,78,63,70,"6",2024
"1010",2024-06-06,1207899,1,"Thursday",0.58,0,84,69,74,"6",2024
"1011",2024-06-07,1254339,1,"Friday",0,0,83,67,76,"6",2024
"1012",2024-06-08,842779,0,"Saturday",0,0,81,65,73,"6",2024
"1013",2024-06-09,680981,0,"Sunday",0,0,78,65,71,"6",2024
"1014",2024-06-10,1355986,1,"Monday",0,0,77,63,70,"6",2024
"1015",2024-06-11,1390440,1,"Tuesday",0,0,72,60,67,"6",2024
"1016",2024-06-12,1355294,1,"Wednesday",0,0,74,62,68,"6",2024
"1017",2024-06-13,1310210,1,"Thursday",0,0,78,63,70,"6",2024
"1018",2024-06-14,1212740,1,"Friday",0.85,0,78,66,72,"6",2024
"1019",2024-06-15,851502,0,"Saturday",0,0,83,65,73,"6",2024
"1020",2024-06-16,653946,0,"Sunday",0,0,80,63,70,"6",2024
"1021",2024-06-17,1172762,1,"Monday",0,0,80,64,71,"6",2024
"1022",2024-06-18,1314338,1,"Tuesday",0,0,80,69,74,"6",2024
"1023",2024-06-19,1068172,0,"Wednesday",0,0,82,67,74,"6",2024
"1024",2024-06-20,1275626,1,"Thursday",0,0,84,68,75,"6",2024
"1025",2024-06-21,1191812,1,"Friday",0,0,91,68,78,"6",2024
"1026",2024-06-22,793674,0,"Saturday",0.04,0,87,72,78,"6",2024
"1027",2024-06-23,648887,0,"Sunday",0,0,85,70,76,"6",2024
"1028",2024-06-24,1227231,1,"Monday",0,0,85,69,77,"6",2024
"1029",2024-06-25,1269567,1,"Tuesday",0,0,91,71,79,"6",2024
"1030",2024-06-26,1267408,1,"Wednesday",0.26,0,84,68,75,"6",2024
"1031",2024-06-27,1214263,0,"Thursday",0.57,0,87,70,76,"6",2024
"1032",2024-06-28,1141168,0,"Friday",0,0,80,63,71,"6",2024
"1033",2024-06-29,780229,0,"Saturday",0.02,0,80,64,71,"6",2024
"1034",2024-06-30,583751,0,"Sunday",0.57,0,83,70,73,"6",2024
"1035",2024-07-01,1156904,0,"Monday",0,0,82,64,74,"7",2024
"1036",2024-07-02,1216755,0,"Tuesday",0,0,82,65,74,"7",2024
"1037",2024-07-03,1198766,0,"Wednesday",0,0,80,64,72,"7",2024
"1038",2024-07-04,643119,0,"Thursday",0.07,0,82,68,73,"7",2024
"1039",2024-07-05,1001854,0,"Friday",0.03,0,83,71,76,"7",2024
"1040",2024-07-06,758425,0,"Saturday",0.01,0,81,70,75,"7",2024
"1041",2024-07-07,642652,0,"Sunday",0,0,87,73,80,"7",2024
"1042",2024-07-08,1176713,0,"Monday",0,0,88,72,80,"7",2024
"1043",2024-07-09,1236657,0,"Tuesday",0,0,82,72,76,"7",2024
"1044",2024-07-10,1252733,0,"Wednesday",0,0,84,74,78,"7",2024
"1045",2024-07-11,1233678,0,"Thursday",0.01,0,88,72,79,"7",2024
"1046",2024-07-12,1120310,0,"Friday",0.13,0,82,72,77,"7",2024
"1047",2024-07-13,743154,0,"Saturday",0.75,0,82,72,76,"7",2024
"1048",2024-07-14,633752,0,"Sunday",0,0,86,75,80,"7",2024
"1049",2024-07-15,1160722,0,"Monday",0.3,0,84,72,78,"7",2024
"1050",2024-07-16,1209152,0,"Tuesday",0,0,89,78,83,"7",2024
"1051",2024-07-17,1210515,0,"Wednesday",0.73,0,83,74,81,"7",2024
"1052",2024-07-18,1218605,0,"Thursday",0,0,86,72,78,"7",2024
"1053",2024-07-19,1207102,0,"Friday",0,0,86,68,76,"7",2024
"1054",2024-07-20,803868,0,"Saturday",0,0,80,68,75,"7",2024
"1055",2024-07-21,659004,0,"Sunday",0,0,86,72,78,"7",2024
"1056",2024-07-22,1168226,0,"Monday",0.05,0,82,72,77,"7",2024
"1057",2024-07-23,1211237,0,"Tuesday",0.02,0,85,73,77,"7",2024
"1058",2024-07-24,1220410,0,"Wednesday",0,0,83,75,78,"7",2024
"1059",2024-07-25,1220056,0,"Thursday",0,0,87,75,79,"7",2024
"1060",2024-07-26,1154709,0,"Friday",0,0,86,68,77,"7",2024
"1061",2024-07-27,809660,0,"Saturday",0,0,85,69,78,"7",2024
"1062",2024-07-28,645704,0,"Sunday",0,0,89,71,78,"7",2024
"1063",2024-07-29,1147023,0,"Monday",0.05,0,85,68,76,"7",2024
"1064",2024-07-30,1228387,0,"Tuesday",0,0,84,72,78,"7",2024
"1065",2024-07-31,1213507,0,"Wednesday",0,0,91,75,79,"7",2024
"1066",2024-08-01,1208275,0,"Thursday",0,0,93,75,83,"8",2024
"1067",2024-08-02,1111340,0,"Friday",0.18,0,91,75,83,"8",2024
"1068",2024-08-03,741482,0,"Saturday",1.28,0,88,74,81,"8",2024
"1069",2024-08-04,588249,0,"Sunday",0.18,0,81,72,76,"8",2024
"1070",2024-08-05,1154644,0,"Monday",0,0,89,72,80,"8",2024
"1071",2024-08-06,1130325,0,"Tuesday",0.83,0,87,72,80,"8",2024
"1072",2024-08-07,1117450,0,"Wednesday",0.06,0,73,66,70,"8",2024
"1073",2024-08-08,1108956,0,"Thursday",0.28,0,74,66,68,"8",2024
"1074",2024-08-09,1039488,0,"Friday",0.26,0,83,73,76,"8",2024
"1075",2024-08-10,777613,0,"Saturday",0,0,87,74,80,"8",2024
"1076",2024-08-11,614435,0,"Sunday",0,0,82,73,78,"8",2024
"1077",2024-08-12,1106072,0,"Monday",0.01,0,83,64,74,"8",2024
"1078",2024-08-13,1158412,0,"Tuesday",0,0,84,65,74,"8",2024
"1079",2024-08-14,1182980,0,"Wednesday",0,0,88,68,77,"8",2024
"1080",2024-08-15,1182864,0,"Thursday",0,0,88,69,78,"8",2024
"1081",2024-08-16,1123673,0,"Friday",0,0,86,72,78,"8",2024
"1082",2024-08-17,767022,0,"Saturday",0.05,0,80,70,75,"8",2024
"1083",2024-08-18,578595,0,"Sunday",0.61,0,81,71,75,"8",2024
"1084",2024-08-19,1090594,0,"Monday",0.31,0,86,70,76,"8",2024
"1085",2024-08-20,1164259,0,"Tuesday",0,0,76,63,71,"8",2024
"1086",2024-08-21,1159036,0,"Wednesday",0,0,77,58,67,"8",2024
"1087",2024-08-22,1140225,0,"Thursday",0,0,80,61,69,"8",2024
"1088",2024-08-23,1095768,0,"Friday",0,0,83,60,73,"8",2024
"1089",2024-08-24,776019,0,"Saturday",0,0,84,64,74,"8",2024
"1090",2024-08-25,629302,0,"Sunday",0,0,83,67,74,"8",2024
"1091",2024-08-26,1104199,0,"Monday",0.03,0,82,66,74,"8",2024
"1092",2024-08-27,1177841,0,"Tuesday",0,0,84,67,75,"8",2024
"1093",2024-08-28,1203770,0,"Wednesday",0,0,95,72,80,"8",2024
"1094",2024-08-29,1203629,0,"Thursday",0,0,82,70,77,"8",2024
"1095",2024-08-30,1132406,0,"Friday",0.28,0,76,62,70,"8",2024
"1096",2024-08-31,771634,0,"Saturday",0,0,80,69,73,"8",2024
"1097",2024-09-01,658803,0,"Sunday",0,0,82,73,75,"9",2024
"1098",2024-09-02,629636,0,"Monday",0,0,83,64,75,"9",2024
"1099",2024-09-03,1323572,0,"Tuesday",0,0,76,57,67,"9",2024
"1100",2024-09-04,1372412,0,"Wednesday",0,0,77,57,67,"9",2024
"1101",2024-09-05,1434726,0,"Thursday",0,0,78,57,68,"9",2024
"1102",2024-09-06,1397369,0,"Friday",0,0,79,63,69,"9",2024
"1103",2024-09-07,841695,0,"Saturday",0.18,0,75,60,70,"9",2024
"1104",2024-09-08,724969,0,"Sunday",0,0,74,56,64,"9",2024
"1105",2024-09-09,1458059,0,"Monday",0,0,79,57,67,"9",2024
"1106",2024-09-10,1510358,0,"Tuesday",0,0,81,63,71,"9",2024
"1107",2024-09-11,1489570,0,"Wednesday",0,0,78,60,69,"9",2024
"1108",2024-09-12,1515496,0,"Thursday",0,0,78,59,68,"9",2024
"1109",2024-09-13,1442741,1,"Friday",0,0,79,60,69,"9",2024
"1110",2024-09-14,913017,0,"Saturday",0,0,85,63,72,"9",2024
"1111",2024-09-15,705080,0,"Sunday",0,0,81,60,71,"9",2024
"1112",2024-09-16,1473843,0,"Monday",0,0,78,58,67,"9",2024
"1113",2024-09-17,1536675,1,"Tuesday",0,0,81,65,71,"9",2024
"1114",2024-09-18,1539412,1,"Wednesday",0,0,80,67,71,"9",2024
"1115",2024-09-19,1547727,1,"Thursday",0,0,87,69,76,"9",2024
"1116",2024-09-20,1471585,1,"Friday",0,0,84,67,75,"9",2024
"1117",2024-09-21,950423,0,"Saturday",0,0,81,64,71,"9",2024
"1118",2024-09-22,737715,0,"Sunday",0,0,77,62,68,"9",2024
"1119",2024-09-23,1457916,1,"Monday",0.02,0,71,60,65,"9",2024
"1120",2024-09-24,1500066,1,"Tuesday",0,0,71,60,65,"9",2024
"1121",2024-09-25,1487149,1,"Wednesday",0.01,0,69,62,65,"9",2024
"1122",2024-09-26,1467648,1,"Thursday",0.05,0,73,66,69,"9",2024
"1123",2024-09-27,1438524,1,"Friday",0.03,0,73,66,70,"9",2024
"1124",2024-09-28,863284,0,"Saturday",0.18,0,68,62,66,"9",2024
"1125",2024-09-29,664367,0,"Sunday",0.51,0,64,61,62,"9",2024
"1126",2024-09-30,1486507,1,"Monday",0,0,73,61,65,"9",2024
"1127",2024-10-01,1532778,1,"Tuesday",0,0,72,59,64,"10",2024
"1128",2024-10-02,1488562,1,"Wednesday",0,0,69,56,63,"10",2024
"1129",2024-10-03,1305743,1,"Thursday",0,0,73,61,65,"10",2024
"1130",2024-10-04,1285210,1,"Friday",0,0,74,57,65,"10",2024
"1131",2024-10-05,939839,0,"Saturday",0,0,78,60,69,"10",2024
"1132",2024-10-06,726969,0,"Sunday",0,0,70,55,63,"10",2024
"1133",2024-10-07,1463064,1,"Monday",0,0,80,59,69,"10",2024
"1134",2024-10-08,1543660,1,"Tuesday",0,0,69,55,62,"10",2024
"1135",2024-10-09,1545314,1,"Wednesday",0,0,71,54,63,"10",2024
"1136",2024-10-10,1525349,1,"Thursday",0,0,65,45,58,"10",2024
"1137",2024-10-11,1420173,0,"Friday",0,0,72,42,57,"10",2024
"1138",2024-10-12,933363,0,"Saturday",0,0,78,52,67,"10",2024
"1139",2024-10-13,738343,0,"Sunday",0,0,73,53,64,"10",2024
"1140",2024-10-14,1056383,1,"Monday",0,0,71,49,61,"10",2024
"1141",2024-10-15,1476129,1,"Tuesday",0,0,60,46,52,"10",2024
"1142",2024-10-16,1487569,1,"Wednesday",0,0,62,45,53,"10",2024
"1143",2024-10-17,1486892,1,"Thursday",0,0,63,43,53,"10",2024
"1144",2024-10-18,1431124,1,"Friday",0,0,69,48,58,"10",2024
"1145",2024-10-19,927916,0,"Saturday",0,0,67,47,57,"10",2024
"1146",2024-10-20,729797,0,"Sunday",0,0,73,50,60,"10",2024
"1147",2024-10-21,1466673,1,"Monday",0,0,78,51,62,"10",2024
"1148",2024-10-22,1529875,1,"Tuesday",0,0,80,57,68,"10",2024
"1149",2024-10-23,1534969,1,"Wednesday",0,0,72,56,64,"10",2024
"1150",2024-10-24,1497135,1,"Thursday",0,0,72,54,65,"10",2024
"1151",2024-10-25,1512545,1,"Friday",0,0,63,47,56,"10",2024
"1152",2024-10-26,955488,0,"Saturday",0,0,69,52,60,"10",2024
"1153",2024-10-27,737246,0,"Sunday",0,0,60,45,54,"10",2024
"1154",2024-10-28,1460653,1,"Monday",0,0,62,43,53,"10",2024
"1155",2024-10-29,1528993,1,"Tuesday",0.01,0,67,51,58,"10",2024
"1156",2024-10-30,1553250,1,"Wednesday",0,0,73,56,63,"10",2024
